param,paramLabel,casRaw,cas,dtxsid,dssLabel,nObs
parameter.PFOA_A,PERFLUOROOCTANOIC ACID,DEP18029,,DTXSID8031865,Perfluorooctanoic acid,20387
parameter.PFOA_A,PERFLUOROOCTANOIC ACID,335671,335-67-1,DTXSID8031865,Perfluorooctanoic acid,20387
parameter.PFOS_A,PERFLUOROOCTANE SULFONIC ACID,1763231,1763-23-1,DTXSID3031864,Perfluorooctanesulfonic acid,19940
parameter.PFOS_A,PERFLOUROOCTANE SULFONIC ACID,DEP18030,,DTXSID3031864,Perfluorooctanesulfonic acid,19940
parameter.PFBS_A,PERFLUOROBUTANE SULFONIC ACID,375735,375-73-5,DTXSID5030030,Perfluorobutanesulfonic acid,19799
parameter.PFNA_A,PERFLUORONONANOIC ACID,375951,375-95-1,DTXSID8031863,Perfluorononanoic acid,19688
parameter.PFHPA_A,PERFLUOROHEPTANOIC ACID,375859,375-85-9,DTXSID1037303,Perfluoroheptanoic acid,19523
parameter.PFDA_A,PERFLUORODECANOIC ACID,335762,335-76-2,DTXSID3031860,Perfluorodecanoic acid,19254
parameter.PFHXS_A,PERFLUOROHEXANE SULFONIC ACID,DEP18031,,DTXSID7040150,Perfluorohexanesulfonic acid,19234
parameter.PFHXS_A,PERFLUOROHEXANE SULFONIC ACID,355464,355-46-4,DTXSID7040150,Perfluorohexanesulfonic acid,19234
parameter.PFTEA_A,PERFLUOROTETRADECANOIC ACID,376067,376-06-7,DTXSID3059921,Perfluorotetradecanoic acid,19038
parameter.PFHXA_A,PERFLUOROHEXANOIC ACID,307244,307-24-4,DTXSID3031862,Perfluorohexanoic acid,19013
parameter.SUM_PFOA_PFOS,TOTAL PFOA AND PFOS,,,,,19000
parameter.PFDOA_A,PERFLUORODODECANOIC ACID,307551,307-55-1,DTXSID8031861,Perfluorododecanoic acid,18917
parameter.PFUNDA_A,PERFLUOROUNDECANOIC ACID,2058948,2058-94-8,DTXSID8047553,Perfluoroundecanoic acid,18894
parameter.N-EtFOSAA_A,N-ETHYL PERFLUOROOCTANE SULFONAMIDOACETIC ACID,2991506,2991-50-6,DTXSID5062760,2-(N-Ethylperfluorooctanesulfonamido)acetic acid,18834
parameter.N-MeFOSAA_A,N-METHYL PERFLUOROOCTANE SULFONAMIDOACETIC ACID,2355319,2355-31-9,DTXSID10624392,2-(N-Methylperfluorooctanesulfonamido)acetic acid,18783
parameter.PFTRIA_A,PERFLUOROTRIDECANOIC ACID,72629948,72629-94-8,DTXSID90868151,Perfluorotridecanoic acid,18642
parameter.PFPEA_A,PERFLUOROPENTANOIC ACID,2706903,2706-90-3,DTXSID6062599,Perfluoropentanoic acid,18570
parameter.PFBA_A,PERFLUOROBUTANOIC ACID,375224,375-22-4,DTXSID4059916,Perfluorobutanoic acid,18395
parameter.PFHPS_A,PERFLUOROHEPTANE SULFONIC ACID,375928,375-92-8,DTXSID8059920,Perfluoroheptanesulfonic acid,17937
parameter.PFPES_A,PERFLUOROPENTANE SULFONIC ACID,2706914,2706-91-4,DTXSID8062600,Perfluoropentanesulfonic acid,17372
parameter.PFDS_A,PERFLUORODECANESULFONIC ACID,335773,335-77-3,DTXSID3040148,Perfluorodecanesulfonic acid,17349
parameter.PFNS_A,PERFLUORONONANE SULFONIC ACID,68259121,68259-12-1,DTXSID60873010,,17287
parameter.4-2_FTS_A,4:2-FLUOROTELOMER SULFONIC ACID,757124724,757124-72-4,DTXSID30891564,4:2 Fluorotelomer sulfonic acid,17272
parameter.SUM_OF_6_PFAS,SUM OF 6 PFAS (PFHPA + PFHXS + PFOA + PFNA + PFOS + PFDA),,,,,17016
parameter.PFOSA,PERFLUOROOCTANE SULFONAMIDE,754916,754-91-6,DTXSID3038939,Perfluorooctanesulfonamide,16788
parameter.HFPO-DA_A,HEXAFLUOROPROPYLENE OXIDE DIMER ACID,13252136,13252-13-6,DTXSID70880215,Perfluoro-2-methyl-3-oxahexanoic acid,16709
parameter.6-2_FTS_A,6:2 FLUOROTELOMER SULFONIC ACID,27619972,27619-97-2,DTXSID6067331,6:2 Fluorotelomer sulfonic acid,16592
parameter.ADONA_A,"4,8-DIOXA-3H-PERFLUORONONANOIC ACID",919005144,919005-14-4,DTXSID40881350,"4,8-Dioxa-3H-perfluorononanoic acid",16394
parameter.8-2_FTS_A,8:2 FLUOROTELOMER SULFONIC ACID,39108344,39108-34-4,DTXSID00192353,8:2 Fluorotelomer sulfonic acid,16391
parameter.PFHXDA_A,PERFLUOROHEXADECANOIC ACID,67905195,67905-19-5,DTXSID1070800,,14283
parameter.PFODA_A,PERFLUOROOCTADECANOIC ACID,16517116,16517-11-6,DTXSID1066071,,13501
characteristic.9364,"2H,2H,3H,3H-Perfluorooctanoic acid",914637-49-3,914637-49-3,DTXSID20874028,"2H,2H,3H,3H-Perfluorooctanoic acid",5338
characteristic.64483,2H-Perfluorohexanoic acid,,,DTXSID301035178,,4991
characteristic.19292,,,,,,4929
characteristic.64478,2H-Perfluorononanoic acid,,,DTXSID001035129,,4535
characteristic.19762,10-H-Perfluorodecanoic acid,112823-28-6,112823-28-6,DTXSID10630918,,4341
characteristic.64556,2H-Perfluoroheptanoic acid,,,DTXSID401035226,,4333
characteristic.18521,,,,,,3946
characteristic.3281,Perfluorooctanesulfonate,45298-90-6,45298-90-6,DTXSID3031864,Perfluorooctanesulfonic acid,3134
characteristic.3292,Perfluorobutanoate,45048-62-2,45048-62-2,DTXSID4059916,Perfluorobutanoic acid,3075
characteristic.19698,12-Cl-Perfluorododecanoic acid,574715-87-0,574715-87-0,DTXSID90892618,,2974
characteristic.20865,11-H-Perfluoroundecanoate,69681-37-4,69681-37-4,DTXSID5061954,,2929
characteristic.3282,Perfluorohexanesulfonate,108427-53-8,108427-53-8,DTXSID7040150,Perfluorohexanesulfonic acid,2895
characteristic.18574,,,,,,2891
characteristic.20794,14-H-Perfluorotetradecanoic acid,,,,,2825
characteristic.18456,,,,,,2774
characteristic.8083,11-chloroeicosafluoro-3-oxaundecane-1-sulfonic acid,763051-92-9,763051-92-9,DTXSID40892507,11-Chloroperfluoro-3-oxaundecanesulfonic acid,2762
characteristic.3113,"1-Decanesulfonic acid, 1,1,2,2,3,3,4,4,5,5,6,6,7,7,8,8,9,9,10,10,10-heneicosafluoro-",335-77-3,335-77-3,DTXSID3040148,Perfluorodecanesulfonic acid,2720
characteristic.8086,9-Chlorohexadecafluoro-3-oxanone-1-sulfonic acid,756426-58-1,756426-58-1,DTXSID80892506,Perfluoro(2-((6-chlorohexyl)oxy)ethanesulfonic acid),2700
characteristic.19823,,,,,,2699
characteristic.20426,13-H-Perfluorotridecanoic acid,423-73-4,423-73-4,DTXSID40892941,,2671
characteristic.9458,,,,,,2446
characteristic.19739,,,,,,2441
parameter.11CL-PF3OUDS_A,11-CHLOROEICOSAFLUORO-3-OXAUNDECANE-1-SULFONIC ACID,763051929,763051-92-9,DTXSID40892507,11-Chloroperfluoro-3-oxaundecanesulfonic acid,2315
characteristic.9368,,,,,,2284
characteristic.19482,,,,,,2255
characteristic.19467,,,,,,2241
characteristic.18078,,,,,,2214
characteristic.62959,5H-Perfluorohexanesulfonic acid,2089109-56-6,2089109-56-6,DTXSID101032330,,2213
characteristic.18897,"4,8-Dioxa-3H-perfluorononanoic acid",919005-14-4,919005-14-4,DTXSID40881350,"4,8-Dioxa-3H-perfluorononanoic acid",2200
characteristic.8091,Hexafluoropropylene oxide dimer acid,13252-13-6,13252-13-6,DTXSID70880215,Perfluoro-2-methyl-3-oxahexanoic acid,2184
parameter.9CL-PF3ONS_A,9-CHOLOROHEXADECAFLUORO-3-OXANONANE-1-SULFONIC ACID,756426581,756426-58-1,DTXSID80892506,Perfluoro(2-((6-chlorohexyl)oxy)ethanesulfonic acid),2147
parameter.8-2_FTS,8:2 FLUOROTELOMER SULFONATE,481071787,481071-78-7,DTXSID00192353,8:2 Fluorotelomer sulfonic acid,1894
characteristic.22803,,,,,,1882
characteristic.3112,"1-Heptanesulfonic acid, 1,1,2,2,3,3,4,4,5,5,6,6,7,7,7-pentadecafluoro-",375-92-8,375-92-8,DTXSID8059920,Perfluoroheptanesulfonic acid,1868
characteristic.6680,,,,,,1863
characteristic.19383,,,,,,1861
characteristic.16351,Perfluorododecanesulfonic acid,79780-39-5,79780-39-5,DTXSID20873011,Perfluorododecanesulfonic acid,1825
characteristic.22382,Perfluoro(4-methoxybutanoic) acid,863090-89-5,863090-89-5,DTXSID60500450,Perfluoro(4-methoxybutanoic acid),1762
characteristic.21871,Perfluoro(2-ethoxyethane)sulfonic acid,113507-82-7,113507-82-7,DTXSID50379814,Perfluoro-2-ethoxyethanesulfonic acid,1762
characteristic.22572,Perfluoro-3-methoxypropanoic acid,377-73-1,377-73-1,DTXSID70191136,Perfluoro-3-methoxypropanoic acid,1762
characteristic.9611,,,,,,1753
characteristic.6681,,,,,,1751
parameter.6-2_FTS,6:2 FLUOROTELOMER SULFONATE,425670753,425670-75-3,DTXSID6067331,6:2 Fluorotelomer sulfonic acid,1717
parameter.N-MEFOSA,N-METHYL PERFLUOROOCTANE SULFONAMIDE,31506328,31506-32-8,DTXSID1067629,N-Methylperfluorooctanesulfonamide,1709
characteristic.18785,,,,,,1658
parameter.SUM_OF_5_PFAS,SUM OF 5 PFAS (PFHPA + PFHXS + PFOA + PFNA + PFOS),,,,,1653
characteristic.19684,11-Chloro-Perfluoroundecanoic acid,2823-49-6,2823-49-6,DTXSID10892918,,1339
characteristic.19256,"Decanoic acid, 4,4,5,5,6,6,7,7,8,8,9,9,10,10,10-pentadecafluoro-",812-70-4,812-70-4,DTXSID90382620,3-(Perfluoroheptyl)propanoic acid,1321
parameter.PFDH_A,"PERFLUORO-3,6-DIOXAHEPTANOIC ACID",151772586,151772-58-6,DTXSID30382063,"Perfluoro-3,6-dioxaheptanoic acid",1170
parameter.PFEES_A,PERFLUORO(2-ETHOXYETHANE)SULFONIC ACID,113507827,113507-82-7,DTXSID50379814,Perfluoro-2-ethoxyethanesulfonic acid,1169
parameter.PFMB_A,PERFLUORO-4-METHOXYBUTANOIC ACID,863090895,863090-89-5,DTXSID60500450,Perfluoro(4-methoxybutanoic acid),1169
characteristic.3117,,,,,,1165
parameter.PFOS,PERFLUOROOCTANE SULFONATE,45298906,45298-90-6,DTXSID80108992,,1152
characteristic.9409,,,,,,1099
parameter.PFMP_A,PERFLUORO-3-METHOXYPROPANOIC ACID,377731,377-73-1,DTXSID70191136,Perfluoro-3-methoxypropanoic acid,1093
parameter.PFHXS,PERFLUOROHEXANE SULFONATE,108427538,108427-53-8,DTXSID80873012,,1035
parameter.PFDS,PERFLUORODECANE SULFONATE,126105348,126105-34-8,,,1001
characteristic.19505,,,,,,975
characteristic.8097,Perfluoropentanesulfonate,175905-36-9,175905-36-9,DTXSID8062600,Perfluoropentanesulfonic acid,975
characteristic.31056,3H-Perfluorobutanoic acid,379-90-8,379-90-8,DTXSID90626970,,967
characteristic.19579,,,,,,942
characteristic.19556,,,,,,942
characteristic.8094,Perfluorododecanesulfonate,343629-43-6,343629-43-6,DTXSID20873011,Perfluorododecanesulfonic acid,942
characteristic.8095,Perfluoroheptanesulfonate,146689-46-5,146689-46-5,DTXSID8059920,Perfluoroheptanesulfonic acid,942
characteristic.8096,Perfluorononanesulfonate,474511-07-4,474511-07-4,DTXSID8071356,Perfluorononanesulfonic acid,942
parameter.N-ETFOSA,N-ETHYL PERFLUOROOCTANE SULFONAMIDE,4151502,4151-50-2,DTXSID1032646,N-Ethylperfluorooctane sulfonamide,879
parameter.N-EtFOSE,N-ETHYL PERFLUOROOCTANE SULFONAMIDOETHANOL,1691992,1691-99-2,DTXSID6027426,N-Ethyl-N-(2-hydroxyethyl)perfluorooctane sulfonamide,874
parameter.N-MEFOSE,N-METHYL PERFLUOROOCTANE SULFONAMIDOETHANOL,24448097,24448-09-7,DTXSID7027831,N-Methyl-N-(2-hydroxyethyl)perfluorooctanesulfonamide,857
parameter.PFNA,PERFLUORONONANOATE,72007682,72007-68-2,DTXSID80892485,,741
parameter.PFHXA,PERFLUOROHEXANOATE,92612527,92612-52-7,DTXSID20892484,,740
parameter.PFHPA,PERFLUOROHEPTANOATE,120885292,120885-29-2,DTXSID60892483,,740
parameter.PFDA,PERFLUORODECANOATE,73829364,73829-36-4,DTXSID40892481,,736
parameter.PFDOA,PERFLUORODODECANOATE,171978953,171978-95-3,DTXSID00892482,,736
parameter.PFUNDA,PERFLUOROUNDECANOATE,196859548,196859-54-8,DTXSID30892475,,733
parameter.PFTRDA_A,PERFLUOROTRIDECANOATE,862374876,862374-87-6,DTXSID20892489,,731
characteristic.18912,"Octanoic acid, 4,4,5,5,6,6,7,7,8,8,8-undecafluoro-",914637-49-3,914637-49-3,DTXSID20874028,"2H,2H,3H,3H-Perfluorooctanoic acid",725
parameter.PFOA,PERFLUOROOCTANOATE,45285516,45285-51-6,DTXSID40892486,,697
parameter.PFBS,PERFLUOROBUTANE SULFONATE,45187153,45187-15-3,DTXSID60873015,,648
parameter.5-3_FTC_A,5:3 FLUOROTELOMER CARBOXYLIC ACID,914637493,914637-49-3,DTXSID20874028,"2H,2H,3H,3H-Perfluorooctanoic acid",643
parameter.7-3_FTC_A,7:3 FLUOROTELOMER CARBOXYLIC ACID,812704,812-70-4,DTXSID90382620,3-(Perfluoroheptyl)propanoic acid,643
parameter.3-3_FTC_A,3:3 FLUOROTELOMER CARBOXYLIC ACID,356025,356-02-5,DTXSID00379268,3:3 Fluorotelomer carboxylic acid,631
characteristic.16771,"3:3 Fluorotelomer carboxylate, ion(1-)",1169706-83-5,1169706-83-5,DTXSID00379268,3:3 Fluorotelomer carboxylic acid,596
characteristic.19577,"2H,2H,3H,3H-Perfluorooctanoate",1799325-94-2,1799325-94-2,DTXSID20874028,"2H,2H,3H,3H-Perfluorooctanoic acid",596
characteristic.8087,"Ammonium 4,8-dioxa-3H-perfluorononanoate",958445-44-8,958445-44-8,DTXSID00874026,,592
characteristic.3114,,,,,,569
parameter.PFDOS,PERFLUORODODECANE SULFONATE,343629436,343629-43-6,DTXSID00904574,,546
characteristic.21754,,,,,,541
characteristic.17614,10:2 Fluorotelomer sulfonic acid,120226-60-0,120226-60-0,DTXSID50892578,,513
characteristic.20082,,,,,,513
parameter.9CL-PF3ONS,9-CHOLOROHEXADECAFLUORO-3-OXANONANE-1-SULFONATE,DEP14448,,DTXSID101348698,,505
parameter.PFBA,PERFLUOROBUTANOATE,45048622,45048-62-2,DTXSID80892480,,504
parameter.PFPEA,PERFLUOROPENTANOATE,45167473,45167-47-3,DTXSID00892487,,497
characteristic.2180,CFC-114,76-14-2,76-14-2,DTXSID8026434,,433
parameter.FHXSA,PERFLUOROHEXANE SULFONAMIDE,41997131,41997-13-1,DTXSID50469320,,421
parameter.FBSA,PERFLUOROBUTANE SULFONAMIDE,30334691,30334-69-1,DTXSID30880251,,404
parameter.ADONA,"4,8-DIOXA-3H-PERFLUORONONANOATE",958445448,958445-44-8,DTXSID80893154,,350
parameter.PFPES,PERFLUOROPENTANE SULFONATE,175905369,175905-36-9,DTXSID70892479,,347
parameter.4-2_FTS,4:2 FLUOROTELOMER SULFONATE,414911301,414911-30-1,DTXSID90891565,,342
parameter.11CL-PF3OUDS,11-CHLOROEICOSAFLUORO-3-OXAUNDECANE-1-SULFONATE,DEP14447,,DTXSID401348697,,327
parameter.PFHPS,PERFLUOROHEPTANE SULFONATE,146689465,146689-46-5,DTXSID20892505,,327
parameter.PFNS,PERFLUORONONANE SULFONATE,474511074,474511-07-4,DTXSID60873010,,327
parameter.PFTEA,PERFLUOROTETRADECANOATE,365971875,365971-87-5,DTXSID60892488,,324
parameter.PFDOS_A,PERFLUORODODECANE SULFONIC ACID,79780395,79780-39-5,DTXSID20873011,Perfluorododecanesulfonic acid,234
characteristic.8084,,,,,,186
characteristic.9361,,,,,,182
characteristic.18826,12-H-Perfluorododecanoate,1696259-75-2,1696259-75-2,DTXSID60892923,,147
characteristic.9388,,,,,,122
characteristic.18755,6-H-Perfluorohexanoate,1696259-63-8,1696259-63-8,DTXSID20880169,,106
characteristic.9410,,,,,,89
characteristic.19926,,,,,,67
characteristic.18191,Potassium 9-chlorohexadecafluoro-3-oxanonane-1-sulfonate,73606-19-6,73606-19-6,,,62
characteristic.64488,2H-Perfluoropentanoic acid,,,DTXSID601035165,,60
parameter.10-2_FTS_A,10:2 FLUOROTELOMER SULFONIC ACID,120226600,120226-60-0,DTXSID50892578,,53
characteristic.16586,Perfluorobutylsulfonamide,30334-69-1,30334-69-1,DTXSID30880251,,41
characteristic.18587,,,,,,39
characteristic.17683,Potassium 11-chloroeicosafluoro-3-oxaundecane-1-sulfonate,83329-89-9,83329-89-9,,,35
characteristic.9450,N-Ethylperfluorooctanesulfonamidoacetate,,,,,30
characteristic.9235,N-Methylperfluorooctanesulfonamidoacetate,,,,,30
characteristic.9007,9-Chlorohexadecafluoro-3-oxanonane-1-sulfonate,756426-58-1,756426-58-1,,,30
characteristic.19594,"1-Propanesulfonic acid, 1,1,2,2,3,3,3-heptafluoro-",423-41-6,423-41-6,DTXSID30870531,,28
characteristic.8168,"Perfluoro[1,2-13C2]hexanoic acid",,,DTXSID901028086,,26
characteristic.8170,"Perfluoro[1,2-13C2]undecanoic acid",960315-51-9,960315-51-9,,,26
characteristic.8169,"Perfluoro[1,2-13C2]tetradecanoic acid",,,DTXSID301028088,,26
characteristic.8173,Sodium perfluoro-1-hexane[18O2]sulfonate,,,,,26
parameter.PFOA_A_BR,PERFLUOROOCTANOIC ACID-BRANCHED,DEP18027,,,,24
parameter.PFOS_A_BR,PERFLUOROOCTANE SULFONIC ACID-BRANCHED,DEP18025,,,,24
parameter.PFESA_A_BP2,"7H-PERFLUORO-4-METHYL-3,6-DIOXAOCTANESULFONIC ACID",749836202,749836-20-2,,,12
parameter.8-2_FTC_A,8:2 FLUOROTELOMER CARBOXYLIC ACID,27854315,27854-31-5,,,12
parameter.PFECHS,PERFLUOROETHYLCYCLOHEXANE SULFONATE,133201077,133201-07-7,,,12
parameter.PFOA_A_L,PERFLUOROOCTANOIC ACID-LINEAR,DEP18028,,DTXSID8031865,Perfluorooctanoic acid,12
parameter.PF05DOD_A,"PERFLUORO-3,5,7,9,11-PENTAOXADODECANOIC ACID",39492916,39492-91-6,,,12
parameter.PFOS_A_L,PERFLUOROOCTANE SULFONIC ACID-LINEAR,DEP18026,,DTXSID3031864,Perfluorooctanesulfonic acid,12
parameter.PFEC_A,PERFLUORO-4-ISOPROPOXYBUTANOIC ACID,801212599,801212-59-9,,,12
parameter.6-2_FTC_A,6:2 FLUOROTELOMER CARBOXYLIC ACID,53826123,53826-12-3,,,12
parameter.8-2_FTUC_A,8:2 FLUOROTELOMER UNSATURATED CARBOXYLIC ACID,70887842,70887-84-2,,,12
parameter.6-2_FTUC_A,6:2 FLUOROTELOMER UNSATURATED CARBOXYLIC ACID,70887886,70887-88-6,,,12
parameter.TOTAL-PFC_A,TOTAL PERFLUOROCARBOXYLIC ACIDS,,,,,8
parameter.N-MeFOSAA_A_BR,N-METHYL PERFLUOROOCTANE SULFONAMIDOACETIC ACID-BRANCHED,DEP18021,,,,3
parameter.N-MeFOSAA_A_L,N-METHYL PERFLUOROOCTANE SULFONAMIDOACETIC ACID-LINEAR,DEP18022,,DTXSID10624392,2-(N-Methylperfluorooctanesulfonamido)acetic acid,3
parameter.PFHXS_A_BR,PERFLUOROHEXANE SULFONIC ACID-BRANCHED,DEP18023,,,,3
parameter.PFHXS_A_L,PERFLUOROHEXANE SULFONIC ACID-LINEAR,DEP18024,,DTXSID7040150,Perfluorohexanesulfonic acid,3
parameter.N-EtFOSAA_A_L,N-ETHYL PERFLUOROOCTANE SULFONAMIDOACETIC ACID-LINEAR,DEP18020,,DTXSID5062760,2-(N-Ethylperfluorooctanesulfonamido)acetic acid,3
parameter.PFRPS_A,PERFLUOROPROPANE SULFONIC ACID,423416,423-41-6,DTXSID30870531,,3
parameter.N-EtFOSAA_A_BR,N-ETHYL PERFLUOROOCTANE SULFONAMIDOACETIC ACID-BRANCHED,DEP18019,,,,3
parameter.PFECHS_A,ACETOHYDROXAMIC ACID,646833,646-83-3,DTXSID7022546,,3
