cid,nDet,nDetAnalytes,maxNgL
5522341972783661056,6,6,1.16
5522342453819998208,13,8,2.01
5522342488179736576,20,12,4.35
5522348638572904448,5,5,2.6
5522349016530026496,1,1,2.51
5522351559150665728,8,8,1.41
5522724740269080576,4,4,2.96
5522725496183324672,132,16,104.0
5522725564902801408,24,10,3.15
5522750406993641472,16,10,2.48
5522750613152071680,12,12,4.46
5522751437785792512,8,8,4.82
5522751506505269248,31,12,3.92
5522751643944222720,3,3,1.3
5522751678303961088,14,10,4.68
5522751712663699456,4,4,0.629
5522751987541606400,15,10,6.35
5522752090620821504,223,24,361.0
5522752124980559872,10,10,2.27
5522752159340298240,3,3,0.607
5522752468577943552,15,10,2.66
5522752502937681920,58,16,97.8
5522752606016897024,3,3,2.8
5522752709096112128,18,7,59.5
5522755354795966464,9,6,0.632
5522757622538698752,8,6,2.3
5522789920692764672,1,1,0.29
5522796345963839488,14,7,5.65
5522796380323577856,59,15,15.7
5522796414683316224,19,13,11.68
5522796449043054592,131,26,2290.0
5522796483402792960,1,1,1.01
5522870288120807424,4,4,1.84
5522895645607723008,9,9,4.73
5522903617067024384,8,8,22.9
5522903651426762752,109,20,4430.0
5522904922737082368,157,20,42.2
5522906984321384448,134,17,87.3
5522923683154231296,8,8,42.2
5522923820593184768,26,11,11.2
5522924232910045184,28,10,14.4
5522924267269783552,1,1,0.772
5522924920104812544,37,11,33.2
5522934128514695168,1,1,0.36
5522973229896957952,58,13,13.6
5522973332976173056,2,1,4.53
5523088300660752384,9,9,7.8
5523089949928194048,4,4,8.74
5523089984287932416,1,1,5.13
5523092939225432064,85,18,326.0
5523094519773396992,132,14,53.4
5523100910684733440,22,14,11.0
5523101013763948544,22,11,17.7
5523101048123686912,1,1,0.354
5523101082483425280,43,19,153.74
5523864280992055296,10,10,14.9
5523871049860513792,1,1,0.398
5523872458609786880,22,11,16.1
5523881598300192768,3,3,1.47
5523881632659931136,151,18,76.4
5523882010617053184,2039,25,1674.87
5523882044976791552,36,14,144421
5523890944149028864,39,13,89.9
5523891356465889280,136,15,54.9
5523895273476063232,20,10,6.58
5523896338627952640,3,3,4.92
5523905547037835264,9,6,1.47
5523905787556003840,45,11,329.97
5523905821915742208,9,9,55.24
5523905924994957312,439,31,1208.0
5523906165513125888,37,12,916.577
5523906268592340992,13,5,4.01
5524834840521736192,107,20,984.0
5524834874881474560,13,10,4.19
5524834943600951296,9,5,3.63
5524837383142375424,18,10,5.23
5524845595119845376,157,22,22.9
5525178059948294144,143,17,94.7
5525214481270964224,22,15,390.0
5525218570079830016,44,12,71.3
5525218604439568384,35,10,45.8
5525219085475905536,493,23,5495.2
5525219875749888000,13,13,29.175
5525219978829103104,50,22,http://w3id.org/coso/v1/contaminoso#non-detect
5525220288066748416,4,4,5.41
5525220425505701888,180,22,7444.49
5525220494225178624,330,25,104265
5525220528584916992,2010,23,7901.0
5525220597304393728,44,4,8800.0
5525220631664132096,139,15,2043.15
5525220666023870464,115,14,1264.97
5525220803462823936,185,23,160.0
5525221250139422720,22,12,15.1
5525221525017329664,37,14,115.231
5525221628096544768,14,14,92.121
5525224479954829312,285,19,1730.0
5525224651753521152,38,14,6.95
5525224686113259520,18,6,1.34
5525224720472997888,22,10,4.58
5525224754832736256,7,5,0.92
5525224926631428096,3,3,2.38
5525229977512968192,87,20,870.0
5525230114951921664,81,14,83.279
5525233138608898048,164,20,280.0
5525233413486804992,10,10,8.64
5525233482206281728,26,17,90.5
5525233516566020096,186,19,407.8
5525235921747705856,155,20,27.7
5525236334064566272,8,8,2.53
5525236471503519744,7,7,17.8
5525236505863258112,76,15,48.8
5525240457233170432,176,15,36.0
5525241934701920256,8,5,1.851
5525242072140873728,5,5,4.12
5525242106500612096,13,10,6.06
5525245782992617472,5,5,12.1
5525247535339274240,6,4,0.755
5525286258764414976,153,17,40.3
5525286636721537024,45,13,26.9
5525289248061652992,18,11,2.25
5525289454220083200,42,12,11.5
5525298971867611136,173,19,91.8
5525299315464994816,137,15,44.8
5525300380616884224,153,21,49.5
5525300861653221376,184,22,1670.0
5525308764393046016,176,23,101.0
5525308798752784384,87,19,1180.0
5525311238294208512,25,5,342.0
5525312990640865280,62,15,1960.0
5525313025000603648,26,13,1359.0
5525314846066737152,46,13,170.0
5525315155304382464,6,6,1.12
5525315464542027776,1,1,1.1
5525326631456997376,13,13,265.0
5525327765328363520,32,16,644.3
5525328486882869248,28,14,672.2
5525329792552927232,44,11,45.2
5525330720265863168,178,14,102.0
5525330754625601536,27,10,4.23
5525330823345078272,23,12,34.1
5525331201302200320,11,11,9.28
5525331579259322368,10,10,4.58
5525331613619060736,43,14,17.2
5525332197734612992,63,14,149.0
5525332232094351360,14,14,339.0
5525335736787664896,3,3,0.612
5525335908586356736,8,8,4.27
5525336561421385728,100,11,189.0
5525337282975891456,9,9,4.39
5525339069682286592,10,10,16.4
5525340959467896832,11,11,11.9
5525341955900309504,3,3,0.224
5525342162058739712,3,3,0.381
5525344773398855680,146,17,23.2
5525345220075454464,5,5,7.8
5525345598032576512,10,10,6.51
5525346010349436928,12,7,2.72
5525347006781849600,8,8,1.34
5525349789920657408,57,12,73.7
5525353191534755840,21,11,3.57
5525355459277488128,10,10,9.66
5525355665435918336,24,17,11.9
5525355699795656704,3,3,0.34
5525355768515133440,8,8,3.99
5525357452142313472,12,9,3.23
5525358070617604096,42,17,1160.0
5525358620373417984,109,16,418.0
5525358723452633088,20,11,17.2
5525358929611063296,257,18,http://w3id.org/coso/v1/contaminoso#non-detect
5525359341927923712,90,13,32.9
5525359994762952704,297,19,23900.0
5525360063482429440,2,2,2.65
5525360097842167808,7,7,1.82
5525360716317458432,20,11,13.4
5525362262505684992,11,11,12.0
5525370715001323520,7,7,16.6
5525371951951904768,2,2,0.377
5525372673506410496,9,9,1.59
5525372707866148864,7,6,1.11
5525372810945363968,11,3,1.55
5525374391493328896,3,3,0.598
5525376075120508928,4,2,1.55
5525376521797107712,4,4,1.54
5525376556156846080,16,10,5.76
5525376727955537920,8,8,1.52
5525377655668473856,19,14,17.939
5525377758747688960,109,17,6398.0
5525377827467165696,1,1,1.33
5525377861826904064,105,16,1100.0
5525377896186642432,6,6,4.8
5525378308503502848,17,10,20.3
5525378342863241216,35,14,8.49
5525378377222979584,5,5,1.12
5525378652100886528,2,2,2.1
5525378686460624896,6,6,1.56
5525378789539840000,28,14,57.1
5525378823899578368,4,2,1.5
5525378858259316736,262,19,3130.0
5525378892619055104,37,12,38.6
5525378926978793472,545,19,1120.0
5525378961338531840,197,18,924.0
5525378995698270208,46,19,491.51
5525379030058008576,3,3,0.835
5525379098777485312,25,12,12.7
5525379133137223680,5,5,1.73
5525379167496962048,26,11,115.0
5525379201856700416,76,13,86.9
5525379785972252672,22,11,26.7
5525379820331991040,6,6,1.224
5525379854691729408,87,14,1280.0
5525379889051467776,261,16,1470.0
5525380267008589824,74,13,100.0
5525380370087804928,253,21,8730.0
5525380404447543296,190,14,7290.0
5525380438807281664,129,16,960.0
5525380473167020032,79,13,65.2
5525380541886496768,86,15,97.0
5525380644965711872,39,20,404.0
5525380782404665344,4,4,2.7
5525380816764403712,50,11,59.0
5525380851124142080,14,10,11.2
5525380919843618816,12,12,88.8
5525380954203357184,72,14,281.0
5525380988563095552,40,12,34.4
5525381057282572288,151,18,59.5
5525381091642310656,86,13,19.7
5525381126002049024,84,16,105.0
5525381229081264128,32,13,25.0
5525381263441002496,2,2,22.0
5525381469599432704,33,10,15.5
5525381538318909440,8,8,2.1
5525381572678647808,242,19,9840.0
5525381675757862912,35,13,96.1
5525382053714984960,5,5,2.6
5525382191153938432,3,3,1.64
5525382466031845376,20,11,4.84
5525382912708444160,4,1,16.6
5525383840421380096,203,18,748.0
5525383874781118464,1,1,0.473
5525384046579810304,11,11,37.6
5525384424536932352,40,12,11.7
5525384458896670720,106,15,168.0
5525384493256409088,10,10,11.1
5525384527616147456,27,14,62.1
5525384596335624192,60,17,144.0
5525384699414839296,21,14,13.9
5525384802494054400,16,9,20.9
5525385008652484608,392,15,7860.0
5525385180451176448,530,18,28300.0
5525385283530391552,1,1,1.33
5525385317890129920,142,20,6610.0
5525385627127775232,28,10,4.3
5525385695847251968,207,18,5230.0
5525385764566728704,4,4,8.1
5525385798926467072,25,13,14.1
5525386417401757696,14,10,6.64
5525386589200449536,9,9,3.06
5525387448193908736,37,12,1770.0
5525387482553647104,926,24,23700.0
5525387929230245888,151,21,48800.0
5525387963589984256,193,16,57.9
5525388272827629568,124,17,35.5
5525388307187367936,9,9,4.45
5525388341547106304,1,1,0.378
5525388375906844672,747,27,226000.0
5525388410266583040,385,23,4810.0
5525388444626321408,209,21,36000.0
5525388547705536512,582,27,167000.0
5525390643649576960,12,12,32.3
5525391227765129216,233,16,http://w3id.org/coso/v1/contaminoso#non-detect
5525391674441728000,342,21,888.0
5525391743161204736,37,10,108.0
5525392842672832512,7,4,1.14
5525393736026030080,20,10,13.0
5525397687395942400,12,12,19.7
5525399577181552640,155,18,29.6
5525400264376320000,10,10,7.45
5525400814132133888,44,13,32.1
5525400882851610624,11,7,7.2
5525405349617598464,81,23,1771.4
5525405624495505408,13,9,16.2
5525406449129226240,4,4,1.51
5525406483488964608,25,9,23.0
5525406517848702976,72,11,256.0
5525406552208441344,12,11,19.1
5525408957390127104,297,19,3650.0
5525408991749865472,11,11,9.5
5525410263060185088,179,17,1560.0
5525411809248411648,13,13,135.0
5525413286717161472,4,4,1.35
5525415966776754176,22,7,9.88
5525416035496230912,8,8,14.1
5525416069855969280,1,1,5.15
5525420055585619968,100,12,35.0
5525420089945358336,10,9,9.39
5525420124305096704,116,15,333.0
5525420158664835072,7,7,6.58
5525420811499864064,12,12,159.0
5525420845859602432,209,15,234.0
5525420880219340800,1,1,2.19
5525421601773846528,46,13,115.0
5525421636133584896,1,1,1.47
5525422048450445312,30,14,69.7
5525422117169922048,70,14,84.1
5525422220249137152,73,13,1013.0
5525425072107421696,41,12,23.6
5525425106467160064,10,6,2.04
5525425346985328640,112,13,36.3
5525426171619049472,149,13,44.9
5525432390731694080,9,7,1.62
5525432425091432448,4,4,3.23
5525435414388670464,180,25,2710.0
5525435998504222720,110,22,38891.0
5525436032863961088,36,9,35733.0
5525436170302914560,46,26,53040.8
5525436788778205184,175,19,201.0
5525436823137943552,158,18,49.0
5525437647771664384,31,16,730.0
5525437750850879488,28,15,1500.0
5525438472405385216,57,16,211.0
5525438506765123584,13,13,25.7
5525454312244772864,27,13,28.7
5525455549195354112,137,17,32.9
5525455686634307584,34,9,46.4
5525455755353784320,120,13,284.0
5525457954377039872,1,1,1.46
5525458366693900288,45,12,48.2
5525463383215702016,134,16,49.6
5525466028915556352,108,14,8.07
5525470873638666240,40,12,33.9
5525471801351602176,24,12,21.4
5525474481411194880,5,5,8.06
5525474653209886720,229,19,12620.0
5525475134246223872,141,17,132.0
5525475580922822656,69,13,28.7
5525475615282561024,56,15,79.8
5525478638939537408,4,4,242.0
5525489256098693120,79,12,26.4
5525497468076163072,8,8,0.967
5525498086551453696,14,7,1.36
5525498498868314112,47,13,24.4
5525507810357411840,148,18,67.6
5525518152638660608,4,2,2.58
5525518186998398976,51,12,105.0
5525518290077614080,137,17,113.0
5525518633674997760,125,16,23.8
5525526776932990976,12,12,21.1
5525529182114676736,3,3,0.737
5525532755527467008,59,13,72.09
5525532858606682112,60,16,236.23
5525560999232405504,126,15,43.2
5525561617707696128,147,18,82.0
5525561755146649600,133,14,51.0
5525562030024556544,182,23,333.12
5525564194688073728,130,14,293.0
5525565019321794560,117,14,20.6
5525573403097956352,129,17,81.4
5525583470501298176,152,20,59.2
5525613775790538752,105,16,106.0
5525613878869753856,14,10,10.9
5525613913229492224,31,12,9.96
5525614325546352640,24,12,33.81
5525619823104491520,132,14,131.0
5525621300573241344,67,15,684.7
5525682014230937600,24,12,80.3
5525731904571047936,56,14,686.0
5525829589307228160,134,16,37.0
5525829761105920000,88,13,700.0
5525830310861733888,126,13,85.8
5525832750403158016,8,8,8.45
5525833609396617216,10,10,3.57
5525835980218564608,28,15,419.0
5525837663845744640,76,18,4310.0
5525837766924959744,48,20,116.58
5525839759789785088,122,14,14.9
5525840584423505920,13,13,321.0
5525855874507079680,11,11,9.5
5525859585358823424,10,10,8.93
5525864911118270464,4,1,33.0
5525869755841380352,5,5,6.6
5525869790201118720,65,15,138.0
5525871164590653440,3,1,39.2
5525871198950391808,17,12,25.0
5525874188247629824,10,5,0.788
5525874222607368192,18,9,4.82
5525874978521612288,47,11,19.5
5525875012881350656,22,11,38.9
5525875081600827392,25,11,18.7
5525876765228007424,39,12,409.0
5525880098122629120,18,10,16.6
5525880132482367488,37,11,29.7
5525883671535419392,139,19,15.1
5525896384638615552,8,8,3.37
5525903119147335680,4,4,1.133
5525905283810852864,130,16,16.7
5525921776485269504,12,11,52.1
5525954212078288896,149,17,76.0
5525954521315934208,4,1,0.428
5525954555675672576,23,12,13.2
5525954727474364416,27,15,142.604
5525961839940206592,16,9,3.51
5525961874299944960,169,18,81.0
5525962011738898432,67,17,855.7
5525962424055758848,11,9,14.8
5525963042531049472,812,18,http://w3id.org/coso/v1/contaminoso#non-detect
5525963076890787840,1199,23,http://w3id.org/coso/v1/contaminoso#non-detect
5525963179970002944,177,17,320.0
5525963214329741312,69,13,79.0
5525963248689479680,50,13,21.0
5525963626646601728,139,15,21.3
5525963729725816832,20,6,104.0
5525963798445293568,191,15,184.0
5525982112185843712,28,18,90.754
5525983177337733120,154,19,68.2
5525983486575378432,3,3,4.84
5525983520935116800,43,13,48.09
5525986166634971136,8,8,1.72
5525986200994709504,7,7,0.918
5525986475872616448,5,5,0.688
5526027398321012736,30,12,118.0
5526027432680751104,24,12,218.0
5526052206052114432,174,21,21.4
5526097251669114880,137,17,27.8
5526123021472890880,7,7,2.47
5526126079489605632,1,1,0.708
5526208302343520256,3,3,0.298
5526231117209796608,145,16,26.6
5526231151569534976,35,11,10.2
5526263484083339264,3,3,0.214
5526263518443077632,44,12,21.7
5526263552802816000,148,18,39.9
5526309113815891968,162,16,http://w3id.org/coso/v1/contaminoso#non-detect
5526311244119670784,1,1,0.613
5526311278479409152,11,6,5.07
5526336498527371264,22,7,282.0
5526336807765016576,114,14,19.0
5526337048283185152,42,13,215.0
5526338834989580288,12,9,4.98
5526339212946702336,7,7,2.54
5526344538706149376,11,11,182.5
5526344573065887744,131,18,34.2
5526347528003387392,422,26,24800.0
5526347562363125760,175,25,2530.0
5526348215198154752,10,10,4.62
5526349761386381312,148,17,18.8
5526356942571700224,10,10,6.07
5526357595406729216,20,12,83.3
5526361237538996224,4,4,0.633
5526361512416903168,3,3,6.27
5526362749367484416,11,11,5.75
5526367972047716352,137,19,46.8
5526368246925623296,4,4,0.348
5526381544144371712,9,8,3.48
5526401953828962304,236,31,2450.0
5526407863703961600,16,7,8.29
5526409650410356736,10,10,2.8
5526409719129833472,18,11,14.6
5526412193030995968,326,21,288.0
5526412364829687808,159,15,8570.0
5526412399189426176,188,17,7590.0
5526412433549164544,15,10,1.78
5526413842298437632,8,8,3.44
5526413911017914368,8,8,1.71
5526414357694513152,28,10,67.91
5526415113608757248,294,16,4560.0
5526415285407449088,18,18,8240.0
5526415766443786240,23,12,4.23
5526415800803524608,233,15,516.0
5526415835163262976,3,3,1.64
5526416041321693184,3,3,0.419
5526416350559338496,10,9,1.93
5526416419278815232,8,6,1.62
5526416487998291968,6,6,2.7
5526416728516460544,138,17,31.4
5526420679886372864,30,15,310.0
5526429304180703232,1,1,6.88
5526429338540441600,192,21,1650.0
5526429372900179968,219,27,70800.0
5526429579058610176,20,10,2.29
5526430094454685696,8,7,1.9
5526430231893639168,26,21,1390.0
5526430334972854272,2,2,0.878
5526430678570237952,26,11,9.9
5526430712929976320,148,15,3990.0
5526430747289714688,2,2,2.0
5526432637075324928,96,14,360.0
5526432705794801664,6,6,5.2
5526434389421981696,7,7,1.82
5526435798171254784,158,18,28.8
5526439302864568320,11,11,14.4
5526439337224306688,228,16,http://w3id.org/coso/v1/contaminoso#non-detect
5526441433168347136,64,11,1370.0
5526444078868201472,15,13,424.0
5526444388105846784,154,21,35.7
5526444731703230464,11,11,25.2
5526445796855119872,8,6,0.742
5526445831214858240,121,15,663.0
5526445899934334976,394,19,260.0
5526445934294073344,2101,20,2950.0
5526446003013550080,85,13,100.0
5526447858439421952,6,6,9.84
5526448339475759104,10,10,5.33
5526448408195235840,70,9,42.3
5526448923591311360,145,23,9190.0
5526449645145817088,195,21,217.0
5526449816944508928,3,3,0.291
5526450194901630976,3,3,0.367
5526450366700322816,7,7,0.728
5526450641578229760,11,11,11.4
5526450847736659968,13,8,4.76
5526450882096398336,5,5,0.461
5526450950815875072,225,16,367.0
5526450985175613440,23,12,13.067
5526451019535351808,961,20,419.0
5526451053895090176,157,17,71.8
5526451088254828544,34,13,14.385
5526451122614566912,42,13,21.9
5526451156974305280,261,19,2490.0
5526451191334043648,6,6,0.52
5526451225693782016,562,17,64.0
5526451260053520384,174,18,712.0
5526451294413258752,30,10,1.976
5526451328772997120,226,19,66.0
5526451363132735488,232,15,45.5
5526451397492473856,18,10,10.09
5526451431852212224,762,19,623.0
5526451500571688960,15,15,394.36
5526451534931427328,12,12,13.06
5526451569291165696,1636,23,54100.0
5526451603650904064,551,21,http://w3id.org/coso/v1/contaminoso#non-detect
5526451638010642432,29,19,668.23
5526451672370380800,99,14,27.9
5526451706730119168,140,16,28.0
5526451741089857536,1416,25,1920.0
5526451775449595904,40,13,19.3
5526451844169072640,125,20,1340.0
5526451878528811008,33,17,806.0
5526451912888549376,96,13,39.93
5526451947248287744,114,12,75.5
5526452015967764480,116,14,34.2
5526452050327502848,7,7,9.648
5526452084687241216,874,19,104.0
5526452119046979584,3424,30,http://w3id.org/coso/v1/contaminoso#non-detect
5526452153406717952,2945,38,29000.0
5526452187766456320,2121,33,36221.3
5526452222126194688,626,21,1288.38
5526452256485933056,20,11,5.275
5526452290845671424,262,16,118.0
5526452325205409792,10,10,2.2
5526452359565148160,1080,20,8600.0
5526452462644363264,4,4,0.382
5526452703162531840,53,13,24.3
5526452771882008576,390,23,170.8
5526452806241746944,4,4,0.25
5526452874961223680,5005,33,19298.0
5526452909320962048,427,28,http://w3id.org/coso/v1/contaminoso#non-detect
5526452978040438784,435,19,306.0
5526453012400177152,85,14,60.1
5526453046759915520,31,12,16.289
5526453115479392256,62,15,572.0
5526453149839130624,14,12,13.963
5526453355997560832,9,9,1.98
5526453459076775936,29,11,2.08
5526453527796252672,469,19,706.14
5526453596515729408,62,15,108.0
5526453630875467776,1,1,0.524
5526453699594944512,315,18,451.0
5526453733954682880,1006,22,5720.0
5526453768314421248,319,16,251.0
5526453802674159616,620,20,1950.0
5526453837033897984,785,20,710.0
5526453871393636352,689,19,475.0
5526454283710496768,38,11,29.9
5526455280142909440,127,15,143.0
5526457204288258048,11,11,5.29
5526460674621833216,10,10,4.26
5526461808493199360,22,11,10.6
5526461980291891200,60,20,660.36
5526462014651629568,172,21,763.68
5526462049011367936,12,12,307.88
5526462083371106304,10,10,11.856
5526462186450321408,12,12,8.57
5526464110595670016,9,6,1.2
5526469539434332160,5,5,7.91
5526470089190146048,11,11,7.083
5526470123549884416,23,13,http://w3id.org/coso/v1/contaminoso#non-detect
5526470913823866880,3,3,3.4
5526471016903081984,1,1,3.7
5526473971840581632,9,9,1.92
5526474006200320000,78,13,8.31
5526474040560058368,33,9,5.34
5526474349797703680,20,12,12.4
5526474384157442048,147,20,26100.0
5526477029857296384,24,6,6.96
5526477064217034752,48,16,2590.0
5526477613972848640,3,3,1.9
5526478266807877632,52,11,14.2
5526478301167616000,10,10,4.35
5526478335527354368,191,15,199.0
5526478369887092736,481,15,324.0
5526478438606569472,97,13,90.2
5526478782203953152,524,21,4010.0
5526480294032441344,117,15,117.0
5526480328392179712,271,26,5100.0
5526480706349301760,15,15,116.07
5526480809428516864,383,25,3350.0
5526480843788255232,27,14,106.0
5526487131620376576,192,23,91.4
5526487440858021888,130,16,114.0
5526487887534620672,298,19,262.0
5526488059333312512,224,16,166.0
5526488093693050880,11,11,9.88
5526489090125463552,13,13,24.536
5526489674241015808,8,8,1.21
5526489708600754176,12,11,4.36
5526489742960492544,7,7,3.42
5526489846039707648,41,12,10.9
5526490739392905216,9,9,2.66
5526490876831858688,19,11,3.32
5526490979911073792,19,11,8.06
5526497748779532288,9,9,3.54
5526497954937962496,269,23,820.0
5526497989297700864,341,25,544.0
5526498607772991488,89,17,http://w3id.org/coso/v1/contaminoso#non-detect
5526498710852206592,38,10,http://w3id.org/coso/v1/contaminoso#non-detect
5526500841155985408,9,9,2.41
5526507644384182272,12,12,20.3
5526507678743920640,9,9,3.16
5526508331578949632,21,12,59.05
5526508846975025152,41,7,215.9
5526511355235926016,7,4,9.9
5526514585051332608,4,4,2.06
5526515066087669760,27,12,29.8
5526515753282437120,4,4,11.0
5526516852794064896,35,13,39.6
5526516887153803264,49,12,20.9
5526517127671971840,3,3,1.35
5526517162031710208,119,15,405.0
5526517230751186944,15,9,2.5
5526517265110925312,6,6,1.69
5526517333830402048,164,21,269.0
5526517368190140416,18,9,1.45
5526517574348570624,73,15,382.0
5526524033979383808,155,19,21.1
5526526336081854464,36,13,94.0
5526538877386358784,35,12,37.42
5526541832323858432,1,1,2.18
5526541866683596800,1,1,2.52
5526542175921242112,42,14,15.5
5526547639119642624,11,7,2.47
5526547673479380992,28,17,12.4
5526548120155979776,37,12,15.4
5526548154515718144,7,7,5.61
5526548257594933248,24,12,52.1
5526548291954671616,1,1,0.409
5526548360674148352,16,12,15.0
5526549254027345920,49,13,16.0
5526549425826037760,12,8,0.872
5526550834575310848,8,8,1.52
5526552758720659456,8,8,3.26
5526554167469932544,25,12,15.3
5526554442347839488,137,16,16.5
5526556710090571776,142,16,47.4
5526558668595658752,16,9,8.28
5526560798899437568,24,15,70.963
5526560936338391040,256,20,42.3
5526560970698129408,24,15,11.671
5526563685117460480,214,17,148.0
5526563753836937216,6,6,5.92
5526563788196675584,5,5,4.283
5526568392401616896,17,8,1.671
5526568461121093632,8,8,3.2
5526568495480832000,29,10,4.88
5526568667279523840,5,5,3.58
5526572653009174528,12,9,2.54
5526572687368912896,23,10,13.6
5526573065326034944,9,6,1.83
5526578872121819136,32,11,72.9
5526578975201034240,7,7,13.7
5526583373247545344,21,12,12.8
5526583407607283712,32,10,24.7
5526584885076033536,5,5,10.8
5526584919435771904,47,13,20.2
5526586877940858880,12,12,12.5
5526587324617457664,1,1,0.747
5526587358977196032,26,14,531.59
5526587427696672768,3,3,0.654
5526587599495364608,7,5,0.944
5526587668214841344,5,5,1.961
5526588424129085440,3,3,0.238
5526588458488823808,19,11,7.78
5526588527208300544,5,5,1.123
5526588595927777280,16,10,2.74
5526589317482283008,5,5,0.559
5526590142116003840,26,10,16.1
5526590829310771200,8,7,2.27
5526590863670509568,18,6,8.56
5526591001109463040,14,6,3.09
5526594608881991680,20,9,80.3
5526594677601468416,9,6,0.607
5526595089918328832,9,9,5.7
5526595502235189248,147,18,39.6
5526596051991003136,10,7,1.63
5526596086350741504,9,9,2.51
5526596636106555392,22,11,87.0
5526597529459752960,38,11,7.34
5526599556684316672,140,18,35.9
5526601171592019968,18,7,12.5
5526601583908880384,78,13,14.4
5526601618268618752,366,19,11204.5
5526601721347833856,16,16,182.45
5526601790067310592,11,11,5.45
5526601824427048960,1,1,3.58
5526601858786787328,11,11,2.777
5526601893146525696,246,10,9180.0
5526601927506264064,7,7,2.03
5526602064945217536,11,7,5.57
5526602408542601216,13,10,11.5
5526603095737368576,4,4,1.01
5526603130097106944,4,4,0.959
5526603301895798784,11,7,14.3
5526603611133444096,154,16,38.9
5526603714212659200,13,13,20.4
5526604023450304512,5,5,0.618
5526604057810042880,16,11,5.43
5526604401407426560,9,9,7.15
5526608730734460928,22,10,1.73
5526608765094199296,12,7,0.813
5526608799453937664,7,3,1.12
5526608868173414400,4,4,0.945
5526610036404518912,46,12,24.9
5526610483081117696,11,11,26.4
5526611513873268736,24,12,21.9
5526611548233007104,15,10,4.1
5526612372866727936,1,1,4.99
5526613712896524288,173,23,396.0
5526617320669052928,11,7,1.812
5526618042223558656,23,16,95.705
5526618076583297024,29,16,279.0
5526620309966290944,6,6,0.824
5526620928441581568,16,10,33.3
5526620962801319936,137,16,33.4
5526621340758441984,38,13,170.0
5526621821794779136,139,16,36.1
5526623161824575488,4,4,53.14
5526623196184313856,18,9,49.14
5526625463927046144,36,15,119.0
5526625567006261248,139,16,45.9
5526626838316580864,30,15,842.0
5526627010115272704,7,4,821.3
5526627388072394752,14,10,4.01
5526627422432133120,59,12,10.7
5526628075267162112,86,13,27.221
5526631408161783808,11,11,6.97
5526631442521522176,11,11,12.6
5526631545600737280,29,13,6.72
5526635462610911232,9,9,3.41
5526635634409603072,30,10,9.44
5526636355964108800,7,7,6.51
5526639723218468864,1,1,2.49
5526640376053497856,410,24,http://w3id.org/coso/v1/contaminoso#non-detect
5526640410413236224,30,12,25.1
5526641131967741952,3,2,20.5
5526641956601462784,98,11,6.87
5526642231479369728,21,11,5.69
5526642334558584832,69,12,17.5
5526642712515706880,69,12,29.4
5526642746875445248,28,8,19.3
5526642781235183616,7,7,9.54
5526643296631259136,5,5,3.29
5526644189984456704,17,11,2.54
5526644258703933440,24,10,10.3
5526644293063671808,60,12,620.0
5526644396142886912,22,12,23.2
5526644739740270592,18,12,54.9
5526645804892160000,25,13,5.08
5526646148489543680,95,13,165.19
5526648897268613120,31,18,296.163
5526648931628351488,261,21,2340.0
5526648965988089856,14,14,277.63
5526649240865996800,14,14,31.4
5526649412664688640,137,17,330.0
5526649447024427008,154,20,103.0
5526650031139979264,11,11,5.59
5526650409097101312,106,16,899.0
5526650512176316416,11,11,32.7
5526651371169775616,157,17,46.7
5526651611687944192,142,16,30.5
5526652951717740544,134,17,68.6
5526654119948845056,4,4,721.0
5526654154308583424,48,18,1160.0
5526656593850007552,164,18,87.4
5526658758513524736,31,18,17.3
5526658792873263104,133,19,1559.99
5526658827233001472,9,9,2.8
5526659033391431680,124,19,262.5
5526659273909600256,8,8,148.0
5526660339061489664,138,15,37.7
5526660373421228032,142,16,25.5
5526660407780966400,2,2,http://w3id.org/coso/v1/contaminoso#non-detect
5526660751378350080,20,8,1973.0
5526663019121082368,139,17,24.7
5526665802259890176,27,14,105.0
5526665836619628544,69,14,8.61
5526665870979366912,134,16,http://w3id.org/coso/v1/contaminoso#non-detect
5526665905339105280,31,19,4050.0
5526668344880529408,139,16,43.1
5526669032075296768,14,14,155.0
5526670784421953536,157,19,161.0
5526671024940122112,5,3,18.22
5526673086524424192,11,11,17.68
5526673120884162560,22,13,9.62
5526673498841284608,31,8,725.0
5526673567560761344,13,11,5.49
5526673670639976448,13,5,41.07
5526677690729365504,3,3,0.8
5526679580514975744,241,23,970.0
5526679821033144320,7,7,50.2
5526684631396515840,3,3,0.524
5526684803195207680,3,3,0.761
5526684837554946048,3,3,0.542
5526684974993899520,58,15,158.12
5526685009353637888,34,17,220.748
5526685078073114624,7,7,0.956
5526685352951021568,21,12,15.5
5526685662188666880,37,12,31.6
5526685799627620352,193,15,178.0
5526685937066573824,18,11,3.97
5526685971426312192,18,10,1.49
5526686005786050560,138,16,36.9
5526686349383434240,51,14,19.9
5526686383743172608,12,7,2.82
5526686452462649344,216,15,154.0
5526686486822387712,8,4,1.77
5526687105297678336,74,14,23.7
5526687139657416704,11,7,15.1
5526687208376893440,11,11,32.1
5526698959407415296,10,10,5.44
5526735174571655168,23,13,28.88
5526736514601451520,168,19,25.1
5526738438746800128,9,5,2.43
5526738473106538496,366,16,2180.0
5526740637770055680,19,11,19.2
5526740672129794048,133,20,23600.0
5526746513285316608,14,6,3.16
5526749330783862784,20,8,69.0
5526763212118163456,3,3,0.208
5526946658761310208,6,6,2.33
5527000672270024704,13,13,2.52
5528965946225459200,149,16,28.5
5529086480187654144,14,8,1.56
5529118675262504960,165,20,37.6
5529364690989219840,10,10,5.61
5529384550917996544,156,18,167.0
5529388055611310080,2,2,1.56
5529390598231949312,3,3,0.49
5529399566123663360,179,18,18.9
5529476497577869312,12,12,10.3
5529476669376561152,163,16,36.7
5529480517667258368,16,11,7.3
5529480552026996736,8,8,34.6
5529480723825688576,209,19,http://w3id.org/coso/v1/contaminoso#non-detect
5529480792545165312,32,15,http://w3id.org/coso/v1/contaminoso#non-detect
5529481239221764096,3,3,1.25
5529481307941240832,116,16,56.78
5529481342300979200,219,16,71.2
5529481514099671040,52,15,392.0
5529481548459409408,282,21,4200.0
5529486083944873984,140,15,106.0
5529487252175978496,8,8,4.06
5529488042449960960,2,2,0.526
5529488935803158528,13,8,1.88
5529489829156356096,8,8,82.1
5529491066106937344,5,5,16.5
5529491306625105920,7,7,0.9
5529491444064059392,26,11,15.4
5529491478423797760,9,6,3.45
5529491512783536128,9,8,3.12
5529491547143274496,1,1,1.42
5529491581503012864,7,7,1.17
5529491650222489600,12,6,1.23
5529491822021181440,3,2,0.585
5529491856380919808,10,10,12.2
5529491925100396544,12,8,2.27
5529492887173070848,145,19,54.3
5529492921532809216,8,8,2.09
5529493505648361472,1,1,0.44
5529496254427430912,360,21,204.0
5529496323146907648,6,6,1.35
5529496529305337856,39,11,22.6
5529496563665076224,9,9,50.3
5529496598024814592,39,17,3140.0
5529496701104029696,11,11,5.54
5529497079061151744,5,5,0.694
5529498693968855040,5,5,3.29
5529500343236296704,123,16,11.0
5529505016160714752,4,4,3.12
5529507043385278464,8,8,3.17
5529511647590219776,62,28,5363.4
5529511681949958144,15,5,2850.0
5529511991187603456,24,15,16.3
5529512025547341824,186,22,http://w3id.org/coso/v1/contaminoso#non-detect
5529512059907080192,115,20,174.5
5529512094266818560,235,31,5848.73
5529512128626556928,148,20,124.17
5529512162986295296,433,28,http://w3id.org/coso/v1/contaminoso#non-detect
5529512197346033664,388,32,http://w3id.org/coso/v1/contaminoso#non-detect
5529512231705772032,19,9,http://w3id.org/coso/v1/contaminoso#non-detect
5529512266065510400,298,27,http://w3id.org/coso/v1/contaminoso#non-detect
5529512300425248768,64,21,http://w3id.org/coso/v1/contaminoso#non-detect
5529512334784987136,10,10,114.0
5529512369144725504,71,24,340.3
5529512403504463872,82,24,206.35
5529512437864202240,128,24,82.14
5529512575303155712,220,23,105.05
5529512609662894080,42,20,144.16
5529514327649812480,12,12,42.95
5529515014844579840,97,22,4027.03
5529515049204318208,344,25,http://w3id.org/coso/v1/contaminoso#non-detect
5529515083564056576,83,23,524.03
5529515152283533312,151,24,http://w3id.org/coso/v1/contaminoso#non-detect
5529515186643271680,13,6,1.77
5529515598960132096,44,15,12.94
5529515908197777408,12,12,30.3
5529516801550974976,13,13,14.0
5529522264749375488,23,12,17.96
5529522333468852224,9,9,26.02
5529522402188328960,11,11,10.77
5529522436548067328,8,8,25.88
5529571261736288256,18,7,1.11
5529571433534980096,130,15,23.0
5529575247465938944,8,4,0.665
5529579886030618624,10,10,4.46
5529762954716643328,97,16,215.0
5529763676271149056,8,8,5.21
5573334092264505344,15,5,3.13
5955253029585289216,1,1,4.88
5955276840883978240,9,7,4.34
5955433074614337536,6,6,12.6
5955478773066366976,13,5,4.69
5955480869010407424,4,1,2.38
5955487637878865920,11,4,4.13
5955502309487149056,6,3,3.14
5955502893602701312,16,5,4.02
5955512376890490880,16,5,3.04
5955871539235651584,30,5,1.73
5955882671790882816,15,4,1.9
5955884595936231424,14,4,2.71
5955890196573585408,17,6,2.8
5955892533035794432,20,7,3.11
5955896312607014912,15,5,2.37
5955906002053234688,26,7,2.24
5955949948158607360,21,6,4.56
5956197372634595328,15,5,3.09
5956197681872240640,20,6,7.54
5956200052694188032,3,2,1.42
5956202801473257472,16,4,6.05
5957694151557382144,2,1,0.328
5957749951772491776,7,7,5.47
5957750020491968512,24,8,4.52
5957750089211445248,10,10,7.85
5957752322594439168,4,4,1.03
5957778951391674368,27,14,1960.0
5957779054470889472,118,19,7380.0
5957779088830627840,22,12,73.3
5958171099085668352,19,10,10.9
5958171614481743872,10,10,16.4
5958171683201220608,9,9,5.12
5958171717560958976,19,10,10.6
5958171854999912448,17,9,8.48
5958178486429417472,7,7,168.0
5958200820259356672,2,2,1.74
5958366502917767168,19,6,6.87
5958412270089273344,1,1,12.5
5958420241548574720,22,6,7.14
5958420550786220032,3,3,3.96
5958420619505696768,2,2,6.57
5958422784169213952,50,8,5.21
5958428522245521408,37,9,4.29
5958428762763689984,2,2,11.3
5958432095658311680,25,6,7.33
5958575375767306240,13,6,6.88
5958590975088525312,10,5,4.42
5958600183498407936,21,7,8.28
5958633031408287744,2,1,23.4
5958798679706959872,2,2,1.25
5958799366901727232,24,12,19.2
5958805689093586944,2,1,0.299
5958806101410447360,34,15,16.0
5958809571744022528,1,1,1.81
5958826820332683264,2,2,2.94
5958830840422072320,1,1,2.06
5958892000756367360,4,4,32.2
5958930140065955840,3,1,32.2
5958976525712752640,2,1,5.77
5959028099680043008,9,9,71.0
5959038545040506880,2,2,43.3
5959045520067395584,1,1,6.26
5959048303206203392,11,11,97.1
5959048578084110336,2,2,78.6
5959049093480185856,22,11,89.0
5959049505797046272,7,7,144.0
5959049815034691584,30,15,254.0
5959049849394429952,7,7,145.0
5959050021193121792,9,9,280.0
5959050089912598528,11,7,194.0
5959050158632075264,19,9,122.0
5959050192991813632,10,10,772.0
5959050433509982208,17,11,112.0
5959051464302133248,22,17,107.0
5959051498661871616,19,13,23.0
5959052460734545920,19,10,114.0
5959053216648790016,4,4,60.5
5959056377744719872,7,7,70.9
5959057511616086016,20,10,104.0
5959060947589922816,10,4,468.0
5959065895392247808,4,4,68.9
5959071564749078528,25,12,166.0
5959073282735996928,1,1,8.58
5959074657125531648,2,2,26.9
5959074966363176960,18,8,84000.0
5959078161818845184,6,6,66.8
5959093589341372416,1,1,63.0
5959095376047767552,1,1,3.37
5959109841497620480,3,2,5.58
5959112487197474816,1,1,1.13
5959122073564479488,13,10,17.8
5959122142283956224,2,2,5.74
5959124306947473408,2,2,6.64
5959124959782502400,1,1,3.32
5959128223957647360,7,7,9.46
5959131831730176000,6,3,15.9
5959132072248344576,1,1,6.69
5959132793802850304,6,3,35.2
5959133206119710720,7,7,6.26
5959133790235262976,7,7,88.8
5959136435935117312,3,3,148.0
5959137294928576512,1,1,4.13
5959137466727268352,18,13,21.9
5959137741605175296,3,3,38.8
5959140971420581888,10,10,3900.0
5959141658615349248,12,6,6.86
5959142139651686400,6,6,89.2
5959142655047761920,10,10,23.0
5959146606417674240,23,12,69.3
5959148152605900800,11,11,281.0
5959149973672034304,8,8,14.0
5959152516292673536,13,8,279.0
5959153203487440896,10,10,94.8
5959153684523778048,12,8,89.6
5959156089705463808,8,6,43.6
5959156605101539328,7,7,36.6
5959159869276684288,11,11,49.6
5959160212874067968,10,10,44.7
5959160384672759808,11,11,36.3
5959160762629881856,10,10,29.2
5959160831349358592,32,16,213.0
5959161655983079424,32,16,31.0
5959161724702556160,34,18,142.0
5959162137019416576,43,9,9.53
5959162996012875776,7,7,38.7
5959163133451829248,6,6,25.5
5959163786286858240,23,18,54.5
5959164645280317440,12,9,34.7
5959164851438747648,6,6,22.5
5959166947382788096,30,15,32.4
5959167497138601984,22,16,86.4
5959171070551392256,15,10,95.5
5959171139270868992,11,7,61.1
5959174540884967424,48,14,43.4
5959175915274502144,1,1,8.31
5959176636829007872,10,10,32.4
5959219517782491136,39,8,8.92
5959222369640775680,7,7,476.0
5959222678878420992,1,1,6.14
5959223400432926720,28,9,8.82
5959224018908217344,6,6,20.0
5959224499944554496,3,3,11.4
5959228382594990080,12,8,17.1
5959229482106617856,2,2,15.7
5959266796782485504,23,13,26.8
5959279303727251456,1,1,6.38
5959280059641495552,1,1,3.14
5959328541232332800,1,1,4.1
5959357918808637440,25,18,65.8
5959406331679997952,4,4,0.606
5959430830173454336,14,6,7.65
5959452682967056384,27,8,7.73
5959461101102956544,1,1,3.95
5959480170757750784,10,8,3.83
5959483778530279424,5,3,15.2
5959486355510657024,2,2,0.343
5959486664748302336,23,17,16.3
5959491234593505280,4,4,7.89
5959491612550627328,38,8,8.78
5959491715629842432,1,1,6.87
5959492368464871424,3,3,0.73
5959492849501208576,9,9,11.9
5959492918220685312,7,7,10.2
5959493364897284096,26,17,10.3
5959493433616760832,9,9,7.24
5959493605415452672,10,10,15.7
5959494258250481664,10,10,6.5
5959538788471406592,1,1,6.57
5959540643897278464,29,7,8.56
5959540850055708672,1,1,5.02
5959544938864574464,2,1,7.07
5959545041943789568,41,9,8.28
5959561809496113152,42,9,8.67
5959657879324590080,16,11,11.4
5959663651760635904,10,5,5.39
5959663754839851008,10,3,13.3
5959676742820954112,2,2,1.25
5959790370475737088,1,1,10.3
5959912553705373696,7,7,45.7
5960018209900855296,14,7,2.32
5960052191682101248,13,6,7.0
5960115619759128576,1,1,0.14
5960116066435727360,7,3,4.19
5960117612623953920,21,7,7.61
5960122972743139328,1,1,5.34
5960154549342699520,21,7,7.66
5960154652421914624,1,1,5.42
5960157950956797952,1,1,6.7
5960157985316536320,15,7,7.64
5960158054036013056,2,2,2.78
5960158088395751424,11,10,7.24
5960159359706071040,7,7,10.1
5960159428425547776,4,4,10.2
5960159737663193088,8,8,8.27
5960159772022931456,1,1,25.2
5960159806382669824,1,1,1.04
5960159840742408192,15,8,16.7
5960159875102146560,10,5,4.07
5960160493577437184,10,10,15.3
5960160527937175552,7,7,3.6
5960160596656652288,2,2,1.86
5960160905894297600,17,12,7.71
5960163104917553152,1,1,0.437
5960163860831797248,2,2,3.64
5960167399884849152,1,1,0.388
5960180456585428992,4,4,1.73
5960190661427724288,8,8,4.07
5960194544078159872,2,1,0.842
5960207841296908288,4,2,5.14
5960208253613768704,2,1,0.185
5960209250046181376,2,2,1.27
5960210418277285888,9,8,19.1
5960251272006205440,1,1,0.336
5960328375259103232,1,1,0.442
5960434134533799936,2,1,23.3
5960435508923334656,5,3,0.708
5960500277030158336,3,1,0.558
5960542814386257920,1,1,0.28
5960549170937856000,3,1,2.26
5960553087948029952,1,1,0.884
5960558757304860672,7,2,3.86
5960562846113726464,10,10,33.0
5960563567668232192,25,11,18.2
5960565354374627328,9,5,4.88
5960568893427679232,1,1,0.425
5960569099586109440,8,8,17.5
5960570061658783744,5,5,2.21
5961025809228496896,21,7,4.02
5961032200139833344,3,3,0.742
5961033883767013376,2,2,2.53
5963005342475354112,26,8,20.8
5963116358790021120,13,7,21.2
5963116839826358272,23,8,14.6
5965258241800667136,5,5,2.06
5965258276160405504,3,3,1.36
5965514359290462208,3,1,6.65
5965999140839096320,2,2,5.47
9280279133756063744,8,8,2.4
9281391014889652224,7,7,2.3
9282298249421520896,2,2,0.795
9282461836135890944,3,3,1.42
9282461870495629312,35,9,908.0
9282461904855367680,23,8,119.0
9282461939215106048,4,4,2.51
9282533373111173120,1,1,5.1
9283878144551419904,26,12,291.0
9283878178911158272,34,9,133.0
9716063901635837952,6,6,15.8
9716064004715053056,6,6,9.16
9716075343428714496,2,2,0.517
9716075377788452864,32,11,168.0
9716075583946883072,16,8,8.27
9716077473732493312,256,39,81.0
9716077508092231680,41,38,68.0
9716077611171446784,38,12,617.0
9716077748610400256,21,12,641.0
9716077782970138624,9,8,17.2
9716077954768830464,23,8,26.3
9716080806627115008,20,10,20.0
9716080840986853376,21,11,103.0
9716080875346591744,8,7,37.7
9716080909706330112,28,9,47.4
9716081047145283584,18,9,202.0
9716081287663452160,10,10,5.1
9716081803059527680,19,10,32.2
9716081871779004416,34,10,22.2
9716083727204876288,8,7,12.9
9716130078491934720,1,1,12.5
9716289576397438976,2,2,0.67
9716498311808024576,1,1,0.99
9716635956919926784,1,1,8.3
9738487101254533120,1,1,4.6
9738528195501621248,1,1,2.4
9738914330241400832,1,1,8.3
9739011293423075328,1,1,18.0
9739066921839493120,1,1,22.0
9739255797321302016,32,12,20.6
9739256243997900800,47,15,73.1
9739570120207892480,1,1,2.3
9739891899157708800,15,9,11.2
9739892036596662272,14,11,26.7
9739892139675877376,31,11,59.4
9739892174035615744,21,12,14.2
9739892208395354112,35,9,32.4
9739893548425150464,69,12,72.4
9739893617144627200,39,13,46.6
9739893651504365568,76,16,11400.0
9739893685864103936,27,8,5.09
9739893720223842304,2,2,2.67
9739893823303057408,8,8,3.8
9739893857662795776,7,7,6.6
9739893926382272512,5,5,2.2
9739898908544335872,1,1,0.332
9739899080343027712,53,11,66.1
9739899217781981184,65,12,41.4
9739899252141719552,49,12,20.4
9739899286501457920,66,10,37.2
9739899320861196288,9,9,14.8
9739899423940411392,9,9,12.7
9739899904976748544,7,6,4.5
9739899939336486912,49,9,26.4
9739899973696225280,23,11,17.0
9739900008055963648,31,9,225.0
9739900042415702016,28,12,129.0
9739900076775440384,8,8,7.55
9739901038848114688,2,2,1.7
9739901279366283264,14,9,9.8
9739901313726021632,49,11,17.2
9739938731481104384,6,6,31.0
9739941136662790144,31,10,21.7
9739941445900435456,9,9,19.9
9739998689224556544,6,6,15.4
9740039886550859776,2,2,2.0
9740063629130072064,44,16,14.6
9740063663489810432,11,11,26.4
9740063732209287168,28,11,30.8
9740064453763792896,48,13,168.0
9740065175318298624,22,11,124.0
9740178665534128128,12,12,6.84
9740178768613343232,28,9,17.9
9740178802973081600,3,3,2.38
9740178906052296704,19,11,76.5
9740182788702732288,9,9,4.7
9740378742290644992,16,8,140.0
9740398636579160064,4,2,35.0
9740404202856775680,12,6,25.0
9740447599206334464,46,14,28.1
9740458628682350592,62,15,21.2
9740485188760109056,2,1,5.4
9740493057140195328,44,12,89.9
9740506113840775168,20,10,18.0
9766637863100743680,1,1,6.11
9766723006532419584,4,4,0.818
9766790901375434752,1,1,4.4
9766942943217713152,3,3,27.5
9795559279518810112,1,1,0.289
9795559554396717056,19,13,9.71
9796512453020876800,1,1,3.39
9796516885427126272,1,1,3.05
9796516919786864640,1,1,2.72
9797046025397993472,27,13,15.2
9797046197196685312,12,6,20.4
9797052794266451968,7,7,19.7
9797053962497556480,2,2,15.5
9797053996857294848,6,6,23.4
9797057742068776960,26,16,32.5
9797059872372555776,9,7,15.3
9797060937524445184,7,7,31.9
9797060971884183552,4,4,42.9
9797061212402352128,11,7,68.3
9797061246762090496,29,10,87.6
9797061384201043968,25,8,115.0
9797062174475026432,10,5,61.8
9797063514504822784,1,1,5.51
9797063583224299520,42,11,9.19
9797064201699590144,12,11,75.5
9797065335570956288,35,11,8.63
9797065541729386496,9,9,29.4
9797066400722845696,1,1,3.41
9797067672033165312,18,12,33.4
9797069767977205760,143,20,27.6
9797070420812234752,42,12,52.9
9797070867488833536,12,6,22.0
9797075815291158528,9,9,19.8
9797086672968482816,17,12,17.7
9797099489150894080,4,4,6.75
9797099660949585920,5,5,16.6
9797099832748277760,8,8,39.0
9797102203570225152,2,2,13.0
9797289635943022592,2,2,14.3
9797453600614514688,24,8,16.1
9797457002228613120,4,4,87.5
9797460094605066240,32,8,15.9
9797460884879048704,24,8,15.4
9797487582395760640,1,1,22.0
9797512802443722752,24,8,547.0
9797513008602152960,40,8,19.3
9797515001466978304,3,3,13.5
9797515482503315456,34,13,23.3
9797515826100699136,10,10,408.0
9797519674391396352,9,9,61.1
9797522320091250688,25,10,56.1
9797525446827442176,7,7,59.1
9797526546339069952,62,12,19.5
9797527061735145472,36,12,12.1
9797527164814360576,2,2,9.64
9797527989448081408,1,1,0.851
9797528264325988352,11,11,186.0
9797529673075261440,36,11,9.53
9797529707434999808,30,8,922.0
9797529741794738176,59,11,12.1
9797530291550552064,43,11,11.2
9797532593653022720,20,10,184.0
9797534414719156224,33,10,8.51
9797535376791830528,9,9,191.0
9797536441943719936,9,9,111.0
9797537232217702400,8,8,29.8
9797538091211161600,18,9,25.9
9797539362521481216,1,1,4.57
9797539465600696320,11,11,317.0
9797540255874678784,29,14,325.0
9797545822152294400,9,9,99.2
9797663504256204800,32,8,15.8
9797982190829568000,39,8,12.1
9798053074969821184,5,5,4.98
9798108565947285504,2,2,7.39
9798109218782314496,4,4,3.88
9798109253142052864,2,2,5.29
9798113616828825600,7,3,5.98
9798169588842627072,1,1,2.43
9798696186192855040,40,8,11.7
9798706700272795648,32,8,12.2
9804287683856433152,9,7,1.81
9935671248837148672,144,17,68.4
9935671317556625408,12,12,9.18
9935677433590054912,6,6,0.456
9935680663405461504,10,10,3.3
9935680903923630080,123,14,61.6
9935680938283368448,72,14,223.1
9935681007002845184,22,12,8.27
9935681041362583552,165,19,50.4
9935682553191071744,139,15,37.0
9935688806663454720,3,3,120.0
9935689184620576768,16,16,480.0
9935689390779006976,136,16,29.9
9935690284132204544,134,17,88.6
9935697156079878144,128,14,19.1
9935708529153277952,3,3,9.83
9935709319427260416,3,3,28.7
9935710659457056768,8,5,1.02
9935710762536271872,7,7,0.918
9935713202077696000,171,13,53.1
9935713270797172736,110,17,1610.0
9935713305156911104,70,18,538.0
9935713751833509888,142,17,33.9
9935713854912724992,121,20,148.0
9935713889272463360,60,11,3376.4
9935713923632201728,161,16,8676.9
9935713992351678464,129,13,2107.52
