cid,stateFips,stateName,countyFips,countyName
5955080371899990016,27,Minnesota,27137,"St. Louis County, Minnesota"
5955087759243739136,27,Minnesota,27137,"St. Louis County, Minnesota"
5955178881269891072,27,Minnesota,27137,"St. Louis County, Minnesota"
5955253029585289216,27,Minnesota,27137,"St. Louis County, Minnesota"
5955273954665955328,27,Minnesota,27137,"St. Louis County, Minnesota"
5955276840883978240,27,Minnesota,27137,"St. Louis County, Minnesota"
5955332469300396032,27,Minnesota,27137,"St. Louis County, Minnesota"
5955433074614337536,27,Minnesota,27075,"Lake County, Minnesota"
5955478773066366976,27,Minnesota,27075,"Lake County, Minnesota"
5955480869010407424,27,Minnesota,27075,"Lake County, Minnesota"
5955484957819273216,27,Minnesota,27031,"Cook County, Minnesota"
5955487500439912448,27,Minnesota,27031,"Cook County, Minnesota"
5955487637878865920,27,Minnesota,27031,"Cook County, Minnesota"
5955502309487149056,27,Minnesota,27031,"Cook County, Minnesota"
5955502893602701312,27,Minnesota,27031,"Cook County, Minnesota"
5955502927962439680,27,Minnesota,27031,"Cook County, Minnesota"
5955512376890490880,27,Minnesota,27031,"Cook County, Minnesota"
5955516225181188096,27,Minnesota,27031,"Cook County, Minnesota"
5955871539235651584,27,Minnesota,27031,"Cook County, Minnesota"
5955882671790882816,27,Minnesota,27031,"Cook County, Minnesota"
5955884595936231424,27,Minnesota,27031,"Cook County, Minnesota"
5955889406299602944,27,Minnesota,27031,"Cook County, Minnesota"
5955890196573585408,27,Minnesota,27031,"Cook County, Minnesota"
5955890265293062144,27,Minnesota,27031,"Cook County, Minnesota"
5955892533035794432,27,Minnesota,27031,"Cook County, Minnesota"
5955893563827945472,27,Minnesota,27031,"Cook County, Minnesota"
5955894354101927936,27,Minnesota,27031,"Cook County, Minnesota"
5955896312607014912,27,Minnesota,27031,"Cook County, Minnesota"
5955906002053234688,27,Minnesota,27031,"Cook County, Minnesota"
5955946958861369344,27,Minnesota,27031,"Cook County, Minnesota"
5955949948158607360,27,Minnesota,27031,"Cook County, Minnesota"
5955950188676775936,27,Minnesota,27031,"Cook County, Minnesota"
5955987022316306432,27,Minnesota,27031,"Cook County, Minnesota"
5955987159755259904,27,Minnesota,27031,"Cook County, Minnesota"
5956154388601896960,27,Minnesota,27031,"Cook County, Minnesota"
5956197372634595328,27,Minnesota,27075,"Lake County, Minnesota"
5956197681872240640,27,Minnesota,27075,"Lake County, Minnesota"
5956200052694188032,27,Minnesota,27075,"Lake County, Minnesota"
5956202801473257472,27,Minnesota,27075,"Lake County, Minnesota"
5956202904552472576,27,Minnesota,27075,"Lake County, Minnesota"
5956207233879506944,27,Minnesota,27075,"Lake County, Minnesota"
5956207508757413888,27,Minnesota,27075,"Lake County, Minnesota"
5957689822230347776,27,Minnesota,27115,"Pine County, Minnesota"
5957694151557382144,27,Minnesota,27115,"Pine County, Minnesota"
5957725144041390080,27,Minnesota,27017,"Carlton County, Minnesota"
5957734386811011072,27,Minnesota,27017,"Carlton County, Minnesota"
5957747168633683968,27,Minnesota,27137,"St. Louis County, Minnesota"
5957747168633683968,27,Minnesota,27017,"Carlton County, Minnesota"
5957748543023218688,27,Minnesota,27137,"St. Louis County, Minnesota"
5957749951772491776,27,Minnesota,27017,"Carlton County, Minnesota"
5957750020491968512,27,Minnesota,27017,"Carlton County, Minnesota"
5957750089211445248,27,Minnesota,27017,"Carlton County, Minnesota"
5957752219515224064,27,Minnesota,27017,"Carlton County, Minnesota"
5957752322594439168,27,Minnesota,27017,"Carlton County, Minnesota"
5957752528752869376,27,Minnesota,27017,"Carlton County, Minnesota"
5957752597472346112,27,Minnesota,27017,"Carlton County, Minnesota"
5957753868782665728,27,Minnesota,27017,"Carlton County, Minnesota"
5957754452898217984,27,Minnesota,27017,"Carlton County, Minnesota"
5957778951391674368,27,Minnesota,27137,"St. Louis County, Minnesota"
5957779054470889472,27,Minnesota,27137,"St. Louis County, Minnesota"
5957779054470889472,55,Wisconsin,55031,"Douglas County, Wisconsin"
5957779088830627840,27,Minnesota,27137,"St. Louis County, Minnesota"
5957779088830627840,55,Wisconsin,55031,"Douglas County, Wisconsin"
5957779226269581312,27,Minnesota,27137,"St. Louis County, Minnesota"
5957779226269581312,55,Wisconsin,55031,"Douglas County, Wisconsin"
5957779432428011520,27,Minnesota,27137,"St. Louis County, Minnesota"
5957784070992691200,27,Minnesota,27137,"St. Louis County, Minnesota"
5957784174071906304,27,Minnesota,27137,"St. Louis County, Minnesota"
5957784689467981824,27,Minnesota,27137,"St. Louis County, Minnesota"
5957785033065365504,55,Wisconsin,55031,"Douglas County, Wisconsin"
5957785033065365504,27,Minnesota,27137,"St. Louis County, Minnesota"
5957789912148213760,27,Minnesota,27137,"St. Louis County, Minnesota"
5957790805501411328,27,Minnesota,27137,"St. Louis County, Minnesota"
5957791011659841536,27,Minnesota,27137,"St. Louis County, Minnesota"
5957986552930893824,27,Minnesota,27137,"St. Louis County, Minnesota"
5957986552930893824,27,Minnesota,27075,"Lake County, Minnesota"
5957988270917812224,27,Minnesota,27137,"St. Louis County, Minnesota"
5957999094235398144,27,Minnesota,27075,"Lake County, Minnesota"
5958006137981763584,27,Minnesota,27075,"Lake County, Minnesota"
5958006275420717056,27,Minnesota,27075,"Lake County, Minnesota"
5958010295510106112,27,Minnesota,27075,"Lake County, Minnesota"
5958010295510106112,27,Minnesota,27137,"St. Louis County, Minnesota"
5958049603050799104,27,Minnesota,27075,"Lake County, Minnesota"
5958053142103851008,27,Minnesota,27075,"Lake County, Minnesota"
5958060254569693184,27,Minnesota,27075,"Lake County, Minnesota"
5958107327411257344,27,Minnesota,27137,"St. Louis County, Minnesota"
5958109766952681472,27,Minnesota,27137,"St. Louis County, Minnesota"
5958160207048605696,27,Minnesota,27137,"St. Louis County, Minnesota"
5958168247227383808,27,Minnesota,27137,"St. Louis County, Minnesota"
5958168968781889536,27,Minnesota,27137,"St. Louis County, Minnesota"
5958169140580581376,27,Minnesota,27137,"St. Louis County, Minnesota"
5958170755488284672,27,Minnesota,27137,"St. Louis County, Minnesota"
5958170892927238144,27,Minnesota,27137,"St. Louis County, Minnesota"
5958170927286976512,27,Minnesota,27137,"St. Louis County, Minnesota"
5958171064725929984,27,Minnesota,27137,"St. Louis County, Minnesota"
5958171099085668352,27,Minnesota,27137,"St. Louis County, Minnesota"
5958171477042790400,27,Minnesota,27137,"St. Louis County, Minnesota"
5958171614481743872,27,Minnesota,27137,"St. Louis County, Minnesota"
5958171683201220608,27,Minnesota,27137,"St. Louis County, Minnesota"
5958171717560958976,27,Minnesota,27137,"St. Louis County, Minnesota"
5958171854999912448,27,Minnesota,27137,"St. Louis County, Minnesota"
5958175909449039872,27,Minnesota,27137,"St. Louis County, Minnesota"
5958177696155435008,27,Minnesota,27137,"St. Louis County, Minnesota"
5958178486429417472,27,Minnesota,27137,"St. Louis County, Minnesota"
5958182678317498368,27,Minnesota,27137,"St. Louis County, Minnesota"
5958194154470113280,27,Minnesota,27137,"St. Louis County, Minnesota"
5958200820259356672,27,Minnesota,27137,"St. Louis County, Minnesota"
5958208997877088256,27,Minnesota,27137,"St. Louis County, Minnesota"
5958215251349471232,27,Minnesota,27137,"St. Louis County, Minnesota"
5958270433089290240,27,Minnesota,27137,"St. Louis County, Minnesota"
5958291186371264512,27,Minnesota,27137,"St. Louis County, Minnesota"
5958310084227366912,27,Minnesota,27137,"St. Louis County, Minnesota"
5958327367175766016,27,Minnesota,27137,"St. Louis County, Minnesota"
5958366502917767168,27,Minnesota,27061,"Itasca County, Minnesota"
5958366502917767168,27,Minnesota,27001,"Aitkin County, Minnesota"
5958412270089273344,27,Minnesota,27061,"Itasca County, Minnesota"
5958420241548574720,27,Minnesota,27061,"Itasca County, Minnesota"
5958420550786220032,27,Minnesota,27061,"Itasca County, Minnesota"
5958420619505696768,27,Minnesota,27061,"Itasca County, Minnesota"
5958421684657586176,27,Minnesota,27061,"Itasca County, Minnesota"
5958422784169213952,27,Minnesota,27061,"Itasca County, Minnesota"
5958428522245521408,27,Minnesota,27061,"Itasca County, Minnesota"
5958428762763689984,27,Minnesota,27061,"Itasca County, Minnesota"
5958432095658311680,27,Minnesota,27061,"Itasca County, Minnesota"
5958442197421391872,27,Minnesota,27061,"Itasca County, Minnesota"
5958442197421391872,27,Minnesota,27021,"Cass County, Minnesota"
5958575375767306240,27,Minnesota,27001,"Aitkin County, Minnesota"
5958590872009310208,27,Minnesota,27035,"Crow Wing County, Minnesota"
5958590975088525312,27,Minnesota,27035,"Crow Wing County, Minnesota"
5958591009448263680,27,Minnesota,27035,"Crow Wing County, Minnesota"
5958600183498407936,27,Minnesota,27035,"Crow Wing County, Minnesota"
5958602176363233280,27,Minnesota,27035,"Crow Wing County, Minnesota"
5958609735505674240,27,Minnesota,27001,"Aitkin County, Minnesota"
5958633031408287744,27,Minnesota,27095,"Mille Lacs County, Minnesota"
5958778166943154176,27,Minnesota,27137,"St. Louis County, Minnesota"
5958779335174258688,27,Minnesota,27017,"Carlton County, Minnesota"
5958779472613212160,27,Minnesota,27017,"Carlton County, Minnesota"
5958780091088502784,27,Minnesota,27017,"Carlton County, Minnesota"
5958782668068880384,27,Minnesota,27017,"Carlton County, Minnesota"
5958796927360303104,27,Minnesota,27017,"Carlton County, Minnesota"
5958798679706959872,27,Minnesota,27017,"Carlton County, Minnesota"
5958799366901727232,27,Minnesota,27017,"Carlton County, Minnesota"
5958805689093586944,27,Minnesota,27115,"Pine County, Minnesota"
5958806101410447360,27,Minnesota,27115,"Pine County, Minnesota"
5958809571744022528,27,Minnesota,27115,"Pine County, Minnesota"
5958826820332683264,27,Minnesota,27115,"Pine County, Minnesota"
5958830840422072320,27,Minnesota,27115,"Pine County, Minnesota"
5958838914960588800,27,Minnesota,27115,"Pine County, Minnesota"
5958838914960588800,55,Wisconsin,55013,"Burnett County, Wisconsin"
5958892000756367360,27,Minnesota,27115,"Pine County, Minnesota"
5958930140065955840,27,Minnesota,27025,"Chisago County, Minnesota"
5958976525712752640,27,Minnesota,27025,"Chisago County, Minnesota"
5958976525712752640,55,Wisconsin,55095,"Polk County, Wisconsin"
5958977522145165312,27,Minnesota,27025,"Chisago County, Minnesota"
5958977522145165312,55,Wisconsin,55095,"Polk County, Wisconsin"
5959024904224374784,55,Wisconsin,55109,"St. Croix County, Wisconsin"
5959024904224374784,27,Minnesota,27163,"Washington County, Minnesota"
5959028099680043008,27,Minnesota,27163,"Washington County, Minnesota"
5959038545040506880,27,Minnesota,27163,"Washington County, Minnesota"
5959040572265070592,27,Minnesota,27163,"Washington County, Minnesota"
5959044592354459648,27,Minnesota,27163,"Washington County, Minnesota"
5959045520067395584,27,Minnesota,27163,"Washington County, Minnesota"
5959048303206203392,27,Minnesota,27163,"Washington County, Minnesota"
5959048578084110336,27,Minnesota,27163,"Washington County, Minnesota"
5959049093480185856,27,Minnesota,27163,"Washington County, Minnesota"
5959049505797046272,27,Minnesota,27163,"Washington County, Minnesota"
5959049815034691584,27,Minnesota,27163,"Washington County, Minnesota"
5959049849394429952,27,Minnesota,27163,"Washington County, Minnesota"
5959050021193121792,27,Minnesota,27163,"Washington County, Minnesota"
5959050089912598528,27,Minnesota,27163,"Washington County, Minnesota"
5959050158632075264,27,Minnesota,27163,"Washington County, Minnesota"
5959050192991813632,27,Minnesota,27163,"Washington County, Minnesota"
5959050399150243840,27,Minnesota,27163,"Washington County, Minnesota"
5959050433509982208,27,Minnesota,27163,"Washington County, Minnesota"
5959050536589197312,27,Minnesota,27163,"Washington County, Minnesota"
5959050570948935680,27,Minnesota,27163,"Washington County, Minnesota"
5959050845826842624,27,Minnesota,27163,"Washington County, Minnesota"
5959050880186580992,27,Minnesota,27163,"Washington County, Minnesota"
5959050948906057728,27,Minnesota,27163,"Washington County, Minnesota"
5959050983265796096,27,Minnesota,27163,"Washington County, Minnesota"
5959051051985272832,27,Minnesota,27163,"Washington County, Minnesota"
5959051086345011200,27,Minnesota,27163,"Washington County, Minnesota"
5959051292503441408,27,Minnesota,27163,"Washington County, Minnesota"
5959051464302133248,27,Minnesota,27163,"Washington County, Minnesota"
5959051498661871616,27,Minnesota,27163,"Washington County, Minnesota"
5959051704820301824,27,Minnesota,27163,"Washington County, Minnesota"
5959052151496900608,27,Minnesota,27163,"Washington County, Minnesota"
5959052460734545920,27,Minnesota,27163,"Washington County, Minnesota"
5959053216648790016,27,Minnesota,27163,"Washington County, Minnesota"
5959054316160417792,27,Minnesota,27163,"Washington County, Minnesota"
5959054316160417792,27,Minnesota,27123,"Ramsey County, Minnesota"
5959056377744719872,27,Minnesota,27163,"Washington County, Minnesota"
5959056652622626816,27,Minnesota,27163,"Washington County, Minnesota"
5959056755701841920,27,Minnesota,27163,"Washington County, Minnesota"
5959056790061580288,27,Minnesota,27163,"Washington County, Minnesota"
5959056858781057024,27,Minnesota,27163,"Washington County, Minnesota"
5959056927500533760,27,Minnesota,27163,"Washington County, Minnesota"
5959057271097917440,27,Minnesota,27163,"Washington County, Minnesota"
5959057271097917440,27,Minnesota,27123,"Ramsey County, Minnesota"
5959057511616086016,27,Minnesota,27123,"Ramsey County, Minnesota"
5959058267530330112,27,Minnesota,27123,"Ramsey County, Minnesota"
5959058679847190528,27,Minnesota,27123,"Ramsey County, Minnesota"
5959059435761434624,27,Minnesota,27123,"Ramsey County, Minnesota"
5959060329114632192,27,Minnesota,27123,"Ramsey County, Minnesota"
5959060947589922816,27,Minnesota,27123,"Ramsey County, Minnesota"
5959063971246899200,27,Minnesota,27003,"Anoka County, Minnesota"
5959064143045591040,27,Minnesota,27003,"Anoka County, Minnesota"
5959065002039050240,27,Minnesota,27123,"Ramsey County, Minnesota"
5959065895392247808,27,Minnesota,27163,"Washington County, Minnesota"
5959071564749078528,27,Minnesota,27003,"Anoka County, Minnesota"
5959073282735996928,27,Minnesota,27003,"Anoka County, Minnesota"
5959074657125531648,27,Minnesota,27003,"Anoka County, Minnesota"
5959074966363176960,27,Minnesota,27003,"Anoka County, Minnesota"
5959078161818845184,27,Minnesota,27025,"Chisago County, Minnesota"
5959079811086286848,27,Minnesota,27163,"Washington County, Minnesota"
5959080807518699520,27,Minnesota,27163,"Washington County, Minnesota"
5959086442515791872,27,Minnesota,27025,"Chisago County, Minnesota"
5959093589341372416,27,Minnesota,27025,"Chisago County, Minnesota"
5959095376047767552,27,Minnesota,27025,"Chisago County, Minnesota"
5959109841497620480,27,Minnesota,27003,"Anoka County, Minnesota"
5959109841497620480,27,Minnesota,27059,"Isanti County, Minnesota"
5959112487197474816,27,Minnesota,27059,"Isanti County, Minnesota"
5959112487197474816,27,Minnesota,27003,"Anoka County, Minnesota"
5959122073564479488,27,Minnesota,27003,"Anoka County, Minnesota"
5959122142283956224,27,Minnesota,27003,"Anoka County, Minnesota"
5959124306947473408,27,Minnesota,27003,"Anoka County, Minnesota"
5959124959782502400,27,Minnesota,27003,"Anoka County, Minnesota"
5959128223957647360,27,Minnesota,27003,"Anoka County, Minnesota"
5959131831730176000,27,Minnesota,27003,"Anoka County, Minnesota"
5959132072248344576,27,Minnesota,27003,"Anoka County, Minnesota"
5959132793802850304,27,Minnesota,27003,"Anoka County, Minnesota"
5959133206119710720,27,Minnesota,27003,"Anoka County, Minnesota"
5959133790235262976,27,Minnesota,27003,"Anoka County, Minnesota"
5959136435935117312,27,Minnesota,27003,"Anoka County, Minnesota"
5959137294928576512,27,Minnesota,27003,"Anoka County, Minnesota"
5959137466727268352,27,Minnesota,27003,"Anoka County, Minnesota"
5959137741605175296,27,Minnesota,27003,"Anoka County, Minnesota"
5959140971420581888,27,Minnesota,27003,"Anoka County, Minnesota"
5959141658615349248,27,Minnesota,27003,"Anoka County, Minnesota"
5959142139651686400,27,Minnesota,27003,"Anoka County, Minnesota"
5959142655047761920,27,Minnesota,27003,"Anoka County, Minnesota"
5959146606417674240,27,Minnesota,27003,"Anoka County, Minnesota"
5959148152605900800,27,Minnesota,27003,"Anoka County, Minnesota"
5959149973672034304,27,Minnesota,27003,"Anoka County, Minnesota"
5959152103975813120,27,Minnesota,27123,"Ramsey County, Minnesota"
5959152344493981696,27,Minnesota,27123,"Ramsey County, Minnesota"
5959152516292673536,27,Minnesota,27123,"Ramsey County, Minnesota"
5959153134767964160,27,Minnesota,27123,"Ramsey County, Minnesota"
5959153203487440896,27,Minnesota,27123,"Ramsey County, Minnesota"
5959153684523778048,27,Minnesota,27123,"Ramsey County, Minnesota"
5959153890682208256,27,Minnesota,27123,"Ramsey County, Minnesota"
5959156089705463808,27,Minnesota,27053,"Hennepin County, Minnesota"
5959156605101539328,27,Minnesota,27053,"Hennepin County, Minnesota"
5959157910771597312,27,Minnesota,27123,"Ramsey County, Minnesota"
5959157910771597312,27,Minnesota,27003,"Anoka County, Minnesota"
5959159869276684288,27,Minnesota,27053,"Hennepin County, Minnesota"
5959160212874067968,27,Minnesota,27053,"Hennepin County, Minnesota"
5959160384672759808,27,Minnesota,27053,"Hennepin County, Minnesota"
5959160762629881856,27,Minnesota,27053,"Hennepin County, Minnesota"
5959160831349358592,27,Minnesota,27053,"Hennepin County, Minnesota"
5959160900068835328,27,Minnesota,27053,"Hennepin County, Minnesota"
5959161037507788800,27,Minnesota,27053,"Hennepin County, Minnesota"
5959161655983079424,27,Minnesota,27003,"Anoka County, Minnesota"
5959161655983079424,27,Minnesota,27053,"Hennepin County, Minnesota"
5959161724702556160,27,Minnesota,27053,"Hennepin County, Minnesota"
5959162137019416576,27,Minnesota,27053,"Hennepin County, Minnesota"
5959162996012875776,27,Minnesota,27053,"Hennepin County, Minnesota"
5959163133451829248,27,Minnesota,27053,"Hennepin County, Minnesota"
5959163373969997824,27,Minnesota,27053,"Hennepin County, Minnesota"
5959163786286858240,27,Minnesota,27053,"Hennepin County, Minnesota"
5959164645280317440,27,Minnesota,27053,"Hennepin County, Minnesota"
5959164851438747648,27,Minnesota,27053,"Hennepin County, Minnesota"
5959165607352991744,27,Minnesota,27053,"Hennepin County, Minnesota"
5959166947382788096,27,Minnesota,27053,"Hennepin County, Minnesota"
5959167497138601984,27,Minnesota,27053,"Hennepin County, Minnesota"
5959171070551392256,27,Minnesota,27053,"Hennepin County, Minnesota"
5959171139270868992,27,Minnesota,27053,"Hennepin County, Minnesota"
5959171242350084096,27,Minnesota,27003,"Anoka County, Minnesota"
5959171242350084096,27,Minnesota,27053,"Hennepin County, Minnesota"
5959174540884967424,27,Minnesota,27003,"Anoka County, Minnesota"
5959175915274502144,27,Minnesota,27003,"Anoka County, Minnesota"
5959176636829007872,27,Minnesota,27003,"Anoka County, Minnesota"
5959179076370432000,27,Minnesota,27003,"Anoka County, Minnesota"
5959179076370432000,27,Minnesota,27053,"Hennepin County, Minnesota"
5959189693529587712,27,Minnesota,27053,"Hennepin County, Minnesota"
5959189934047756288,27,Minnesota,27053,"Hennepin County, Minnesota"
5959190758681477120,27,Minnesota,27053,"Hennepin County, Minnesota"
5959195637764325376,27,Minnesota,27053,"Hennepin County, Minnesota"
5959197664988889088,27,Minnesota,27053,"Hennepin County, Minnesota"
5959199692213452800,27,Minnesota,27053,"Hennepin County, Minnesota"
5959207560593539072,27,Minnesota,27053,"Hennepin County, Minnesota"
5959211821201096704,27,Minnesota,27171,"Wright County, Minnesota"
5959219517782491136,27,Minnesota,27171,"Wright County, Minnesota"
5959219517782491136,27,Minnesota,27141,"Sherburne County, Minnesota"
5959222266561560576,27,Minnesota,27171,"Wright County, Minnesota"
5959222266561560576,27,Minnesota,27141,"Sherburne County, Minnesota"
5959222369640775680,27,Minnesota,27141,"Sherburne County, Minnesota"
5959222678878420992,27,Minnesota,27141,"Sherburne County, Minnesota"
5959222678878420992,27,Minnesota,27171,"Wright County, Minnesota"
5959223400432926720,27,Minnesota,27171,"Wright County, Minnesota"
5959223400432926720,27,Minnesota,27141,"Sherburne County, Minnesota"
5959224018908217344,27,Minnesota,27003,"Anoka County, Minnesota"
5959224499944554496,27,Minnesota,27003,"Anoka County, Minnesota"
5959228382594990080,27,Minnesota,27141,"Sherburne County, Minnesota"
5959229482106617856,27,Minnesota,27141,"Sherburne County, Minnesota"
5959266796782485504,27,Minnesota,27095,"Mille Lacs County, Minnesota"
5959279303727251456,27,Minnesota,27095,"Mille Lacs County, Minnesota"
5959280059641495552,27,Minnesota,27095,"Mille Lacs County, Minnesota"
5959283667414024192,27,Minnesota,27059,"Isanti County, Minnesota"
5959312048557916160,27,Minnesota,27059,"Isanti County, Minnesota"
5959328541232332800,27,Minnesota,27065,"Kanabec County, Minnesota"
5959357918808637440,27,Minnesota,27095,"Mille Lacs County, Minnesota"
5959406331679997952,27,Minnesota,27097,"Morrison County, Minnesota"
5959430830173454336,27,Minnesota,27097,"Morrison County, Minnesota"
5959452682967056384,27,Minnesota,27097,"Morrison County, Minnesota"
5959460963664003072,27,Minnesota,27009,"Benton County, Minnesota"
5959461101102956544,27,Minnesota,27009,"Benton County, Minnesota"
5959461101102956544,27,Minnesota,27145,"Stearns County, Minnesota"
5959480170757750784,27,Minnesota,27145,"Stearns County, Minnesota"
5959483778530279424,27,Minnesota,27145,"Stearns County, Minnesota"
5959486355510657024,27,Minnesota,27145,"Stearns County, Minnesota"
5959486664748302336,27,Minnesota,27145,"Stearns County, Minnesota"
5959491234593505280,27,Minnesota,27009,"Benton County, Minnesota"
5959491234593505280,27,Minnesota,27145,"Stearns County, Minnesota"
5959491612550627328,27,Minnesota,27009,"Benton County, Minnesota"
5959491612550627328,27,Minnesota,27145,"Stearns County, Minnesota"
5959491715629842432,27,Minnesota,27145,"Stearns County, Minnesota"
5959491715629842432,27,Minnesota,27009,"Benton County, Minnesota"
5959492368464871424,27,Minnesota,27145,"Stearns County, Minnesota"
5959492849501208576,27,Minnesota,27145,"Stearns County, Minnesota"
5959492918220685312,27,Minnesota,27145,"Stearns County, Minnesota"
5959493364897284096,27,Minnesota,27145,"Stearns County, Minnesota"
5959493433616760832,27,Minnesota,27145,"Stearns County, Minnesota"
5959493605415452672,27,Minnesota,27145,"Stearns County, Minnesota"
5959494258250481664,27,Minnesota,27145,"Stearns County, Minnesota"
5959538788471406592,27,Minnesota,27141,"Sherburne County, Minnesota"
5959540643897278464,27,Minnesota,27145,"Stearns County, Minnesota"
5959540643897278464,27,Minnesota,27141,"Sherburne County, Minnesota"
5959540850055708672,27,Minnesota,27145,"Stearns County, Minnesota"
5959540850055708672,27,Minnesota,27141,"Sherburne County, Minnesota"
5959544938864574464,27,Minnesota,27171,"Wright County, Minnesota"
5959544938864574464,27,Minnesota,27141,"Sherburne County, Minnesota"
5959545041943789568,27,Minnesota,27141,"Sherburne County, Minnesota"
5959545041943789568,27,Minnesota,27145,"Stearns County, Minnesota"
5959561672057159680,27,Minnesota,27141,"Sherburne County, Minnesota"
5959561672057159680,27,Minnesota,27171,"Wright County, Minnesota"
5959561809496113152,27,Minnesota,27171,"Wright County, Minnesota"
5959561809496113152,27,Minnesota,27141,"Sherburne County, Minnesota"
5959564901872566272,27,Minnesota,27171,"Wright County, Minnesota"
5959594691765731328,27,Minnesota,27171,"Wright County, Minnesota"
5959631456685785088,27,Minnesota,27093,"Meeker County, Minnesota"
5959657879324590080,27,Minnesota,27145,"Stearns County, Minnesota"
5959663651760635904,27,Minnesota,27145,"Stearns County, Minnesota"
5959663754839851008,27,Minnesota,27145,"Stearns County, Minnesota"
5959676742820954112,27,Minnesota,27145,"Stearns County, Minnesota"
5959790370475737088,27,Minnesota,27067,"Kandiyohi County, Minnesota"
5959872352811483136,27,Minnesota,27145,"Stearns County, Minnesota"
5959872352811483136,27,Minnesota,27153,"Todd County, Minnesota"
5959912553705373696,27,Minnesota,27153,"Todd County, Minnesota"
5959915302484443136,27,Minnesota,27153,"Todd County, Minnesota"
5960018209900855296,27,Minnesota,27159,"Wadena County, Minnesota"
5960028071145766912,27,Minnesota,27159,"Wadena County, Minnesota"
5960052191682101248,27,Minnesota,27021,"Cass County, Minnesota"
5960094763397939200,27,Minnesota,27097,"Morrison County, Minnesota"
5960095519312183296,27,Minnesota,27097,"Morrison County, Minnesota"
5960099195804188672,27,Minnesota,27097,"Morrison County, Minnesota"
5960101600985874432,27,Minnesota,27097,"Morrison County, Minnesota"
5960101600985874432,27,Minnesota,27021,"Cass County, Minnesota"
5960115173082529792,27,Minnesota,27035,"Crow Wing County, Minnesota"
5960115173082529792,27,Minnesota,27021,"Cass County, Minnesota"
5960115619759128576,27,Minnesota,27035,"Crow Wing County, Minnesota"
5960116066435727360,27,Minnesota,27035,"Crow Wing County, Minnesota"
5960117612623953920,27,Minnesota,27035,"Crow Wing County, Minnesota"
5960117612623953920,27,Minnesota,27021,"Cass County, Minnesota"
5960118024940814336,27,Minnesota,27035,"Crow Wing County, Minnesota"
5960122972743139328,27,Minnesota,27035,"Crow Wing County, Minnesota"
5960122972743139328,27,Minnesota,27097,"Morrison County, Minnesota"
5960154549342699520,27,Minnesota,27035,"Crow Wing County, Minnesota"
5960154652421914624,27,Minnesota,27035,"Crow Wing County, Minnesota"
5960154858580344832,27,Minnesota,27035,"Crow Wing County, Minnesota"
5960157847877582848,27,Minnesota,27035,"Crow Wing County, Minnesota"
5960157950956797952,27,Minnesota,27035,"Crow Wing County, Minnesota"
5960157985316536320,27,Minnesota,27035,"Crow Wing County, Minnesota"
5960158054036013056,27,Minnesota,27035,"Crow Wing County, Minnesota"
5960158088395751424,27,Minnesota,27035,"Crow Wing County, Minnesota"
5960159359706071040,27,Minnesota,27035,"Crow Wing County, Minnesota"
5960159428425547776,27,Minnesota,27035,"Crow Wing County, Minnesota"
5960159737663193088,27,Minnesota,27035,"Crow Wing County, Minnesota"
5960159772022931456,27,Minnesota,27035,"Crow Wing County, Minnesota"
5960159806382669824,27,Minnesota,27035,"Crow Wing County, Minnesota"
5960159840742408192,27,Minnesota,27035,"Crow Wing County, Minnesota"
5960159875102146560,27,Minnesota,27035,"Crow Wing County, Minnesota"
5960160493577437184,27,Minnesota,27035,"Crow Wing County, Minnesota"
5960160527937175552,27,Minnesota,27035,"Crow Wing County, Minnesota"
5960160596656652288,27,Minnesota,27035,"Crow Wing County, Minnesota"
5960160905894297600,27,Minnesota,27035,"Crow Wing County, Minnesota"
5960163104917553152,27,Minnesota,27035,"Crow Wing County, Minnesota"
5960163860831797248,27,Minnesota,27035,"Crow Wing County, Minnesota"
5960164479307087872,27,Minnesota,27035,"Crow Wing County, Minnesota"
5960167399884849152,27,Minnesota,27035,"Crow Wing County, Minnesota"
5960179425793277952,27,Minnesota,27035,"Crow Wing County, Minnesota"
5960180456585428992,27,Minnesota,27035,"Crow Wing County, Minnesota"
5960186332100689920,27,Minnesota,27035,"Crow Wing County, Minnesota"
5960187362892840960,27,Minnesota,27035,"Crow Wing County, Minnesota"
5960187706490224640,27,Minnesota,27035,"Crow Wing County, Minnesota"
5960190661427724288,27,Minnesota,27035,"Crow Wing County, Minnesota"
5960194544078159872,27,Minnesota,27035,"Crow Wing County, Minnesota"
5960207841296908288,27,Minnesota,27021,"Cass County, Minnesota"
5960208253613768704,27,Minnesota,27035,"Crow Wing County, Minnesota"
5960208425412460544,27,Minnesota,27035,"Crow Wing County, Minnesota"
5960209215686443008,27,Minnesota,27035,"Crow Wing County, Minnesota"
5960209250046181376,27,Minnesota,27035,"Crow Wing County, Minnesota"
5960210418277285888,27,Minnesota,27021,"Cass County, Minnesota"
5960251272006205440,27,Minnesota,27021,"Cass County, Minnesota"
5960323393097039872,27,Minnesota,27021,"Cass County, Minnesota"
5960328375259103232,27,Minnesota,27021,"Cass County, Minnesota"
5960414961799790592,27,Minnesota,27057,"Hubbard County, Minnesota"
5960421077833220096,27,Minnesota,27021,"Cass County, Minnesota"
5960434134533799936,27,Minnesota,27057,"Hubbard County, Minnesota"
5960435508923334656,27,Minnesota,27057,"Hubbard County, Minnesota"
5960435612002549760,27,Minnesota,27057,"Hubbard County, Minnesota"
5960454990894989312,27,Minnesota,27159,"Wadena County, Minnesota"
5960489247554142208,27,Minnesota,27005,"Becker County, Minnesota"
5960500277030158336,27,Minnesota,27057,"Hubbard County, Minnesota"
5960533640336113664,27,Minnesota,27029,"Clearwater County, Minnesota"
5960542814386257920,27,Minnesota,27029,"Clearwater County, Minnesota"
5960549170937856000,27,Minnesota,27057,"Hubbard County, Minnesota"
5960553087948029952,27,Minnesota,27007,"Beltrami County, Minnesota"
5960555802367361024,27,Minnesota,27007,"Beltrami County, Minnesota"
5960558344988000256,27,Minnesota,27057,"Hubbard County, Minnesota"
5960558757304860672,27,Minnesota,27057,"Hubbard County, Minnesota"
5960562846113726464,27,Minnesota,27007,"Beltrami County, Minnesota"
5960563567668232192,27,Minnesota,27007,"Beltrami County, Minnesota"
5960564461021429760,27,Minnesota,27007,"Beltrami County, Minnesota"
5960565354374627328,27,Minnesota,27007,"Beltrami County, Minnesota"
5960568893427679232,27,Minnesota,27007,"Beltrami County, Minnesota"
5960569099586109440,27,Minnesota,27007,"Beltrami County, Minnesota"
5960570061658783744,27,Minnesota,27007,"Beltrami County, Minnesota"
5960582912200933376,27,Minnesota,27007,"Beltrami County, Minnesota"
5960739249010507776,27,Minnesota,27077,"Lake of the Woods County, Minnesota"
5961020861426171904,27,Minnesota,27007,"Beltrami County, Minnesota"
5961025809228496896,27,Minnesota,27007,"Beltrami County, Minnesota"
5961028798525734912,27,Minnesota,27007,"Beltrami County, Minnesota"
5961031100628205568,27,Minnesota,27021,"Cass County, Minnesota"
5961032200139833344,27,Minnesota,27007,"Beltrami County, Minnesota"
5961033883767013376,27,Minnesota,27021,"Cass County, Minnesota"
5961040102879657984,27,Minnesota,27007,"Beltrami County, Minnesota"
5961043848091140096,27,Minnesota,27021,"Cass County, Minnesota"
5961062161831690240,27,Minnesota,27061,"Itasca County, Minnesota"
5961210355383271424,27,Minnesota,27061,"Itasca County, Minnesota"
5961435446029320192,27,Minnesota,27137,"St. Louis County, Minnesota"
5961441665141964800,27,Minnesota,27137,"St. Louis County, Minnesota"
5961442489775685632,27,Minnesota,27137,"St. Louis County, Minnesota"
5961443280049668096,27,Minnesota,27137,"St. Louis County, Minnesota"
5961444757518417920,27,Minnesota,27137,"St. Louis County, Minnesota"
5961458467054026752,27,Minnesota,27137,"St. Louis County, Minnesota"
5961472142229897216,27,Minnesota,27071,"Koochiching County, Minnesota"
5961517084767682560,27,Minnesota,27071,"Koochiching County, Minnesota"
5962391814987055104,27,Minnesota,27071,"Koochiching County, Minnesota"
5963005342475354112,27,Minnesota,27069,"Kittson County, Minnesota"
5963116358790021120,27,Minnesota,27069,"Kittson County, Minnesota"
5963116839826358272,27,Minnesota,27069,"Kittson County, Minnesota"
5964561735544209408,27,Minnesota,27119,"Polk County, Minnesota"
5964899766650273792,27,Minnesota,27119,"Polk County, Minnesota"
5964923749747654656,27,Minnesota,27125,"Red Lake County, Minnesota"
5965158151882801152,27,Minnesota,27107,"Norman County, Minnesota"
5965202269786865664,27,Minnesota,27107,"Norman County, Minnesota"
5965258241800667136,27,Minnesota,27027,"Clay County, Minnesota"
5965258276160405504,27,Minnesota,27027,"Clay County, Minnesota"
5965307307507056640,27,Minnesota,27111,"Otter Tail County, Minnesota"
5965342320080453632,27,Minnesota,27167,"Wilkin County, Minnesota"
5965498107134214144,27,Minnesota,27111,"Otter Tail County, Minnesota"
5965514359290462208,27,Minnesota,27111,"Otter Tail County, Minnesota"
5965597784735219712,27,Minnesota,27041,"Douglas County, Minnesota"
5965627196671262720,27,Minnesota,27051,"Grant County, Minnesota"
5965889567633440768,27,Minnesota,27151,"Swift County, Minnesota"
5965895202630533120,27,Minnesota,27151,"Swift County, Minnesota"
5965907847014252544,27,Minnesota,27073,"Lac qui Parle County, Minnesota"
5965907847014252544,27,Minnesota,27023,"Chippewa County, Minnesota"
5965984056913952768,27,Minnesota,27073,"Lac qui Parle County, Minnesota"
5965984056913952768,27,Minnesota,27011,"Big Stone County, Minnesota"
5965999140839096320,27,Minnesota,27011,"Big Stone County, Minnesota"
5966048928099991552,27,Minnesota,27149,"Stevens County, Minnesota"
5966141149637771264,27,Minnesota,27155,"Traverse County, Minnesota"
5966141149637771264,38,North Dakota,38077,"Richland County, North Dakota"
9280279133756063744,04,Arizona,04015,"Mohave County, Arizona"
9281061573718179840,04,Arizona,04005,"Coconino County, Arizona"
9281061573718179840,04,Arizona,04015,"Mohave County, Arizona"
9281391014889652224,06,California,06071,"San Bernardino County, California"
9281391014889652224,04,Arizona,04015,"Mohave County, Arizona"
9281427195694153728,04,Arizona,04015,"Mohave County, Arizona"
9281427195694153728,32,Nevada,32003,"Clark County, Nevada"
9281428776242118656,04,Arizona,04015,"Mohave County, Arizona"
9281428776242118656,32,Nevada,32003,"Clark County, Nevada"
9282260522428792832,06,California,06065,"Riverside County, California"
9282260522428792832,04,Arizona,04012,"La Paz County, Arizona"
9282260625508007936,04,Arizona,04012,"La Paz County, Arizona"
9282260625508007936,06,California,06065,"Riverside County, California"
9282270108795797504,06,California,06065,"Riverside County, California"
9282270108795797504,04,Arizona,04012,"La Paz County, Arizona"
9282298249421520896,04,Arizona,04012,"La Paz County, Arizona"
9282461836135890944,04,Arizona,04015,"Mohave County, Arizona"
9282461870495629312,04,Arizona,04015,"Mohave County, Arizona"
9282461904855367680,04,Arizona,04015,"Mohave County, Arizona"
9282461939215106048,04,Arizona,04015,"Mohave County, Arizona"
9282533373111173120,04,Arizona,04015,"Mohave County, Arizona"
9282533373111173120,04,Arizona,04012,"La Paz County, Arizona"
9282662978044297216,04,Arizona,04025,"Yavapai County, Arizona"
9282663287281942528,04,Arizona,04025,"Yavapai County, Arizona"
9283266128891609088,04,Arizona,04013,"Maricopa County, Arizona"
9283268224835649536,04,Arizona,04013,"Maricopa County, Arizona"
9283268912030416896,04,Arizona,04013,"Maricopa County, Arizona"
9283272416723730432,04,Arizona,04013,"Maricopa County, Arizona"
9283272554162683904,04,Arizona,04013,"Maricopa County, Arizona"
9283525922873409536,04,Arizona,04027,"Yuma County, Arizona"
9283562172397387776,04,Arizona,04027,"Yuma County, Arizona"
9283696553334145024,04,Arizona,04027,"Yuma County, Arizona"
9283703700159725568,04,Arizona,04027,"Yuma County, Arizona"
9283703906318155776,04,Arizona,04027,"Yuma County, Arizona"
9283706242780364800,04,Arizona,04027,"Yuma County, Arizona"
9283706620737486848,04,Arizona,04027,"Yuma County, Arizona"
9283740843036901376,04,Arizona,04027,"Yuma County, Arizona"
9283741083555069952,04,Arizona,04027,"Yuma County, Arizona"
9283760909124108288,04,Arizona,04027,"Yuma County, Arizona"
9283771423204048896,04,Arizona,04027,"Yuma County, Arizona"
9283771423204048896,06,California,06025,"Imperial County, California"
9283877113759268864,04,Arizona,04027,"Yuma County, Arizona"
9283877251198222336,04,Arizona,04027,"Yuma County, Arizona"
9283878144551419904,04,Arizona,04027,"Yuma County, Arizona"
9283878178911158272,04,Arizona,04027,"Yuma County, Arizona"
9667910033983143936,05,Arkansas,05001,"Arkansas County, Arkansas"
9667910033983143936,05,Arkansas,05095,"Monroe County, Arkansas"
9668092140596494336,05,Arkansas,05017,"Chicot County, Arkansas"
9668588844974342144,05,Arkansas,05011,"Bradley County, Arkansas"
9670464989768450048,05,Arkansas,05081,"Little River County, Arkansas"
9670464989768450048,05,Arkansas,05057,"Hempstead County, Arkansas"
9670490244176150528,05,Arkansas,05057,"Hempstead County, Arkansas"
9670490244176150528,05,Arkansas,05081,"Little River County, Arkansas"
