cid,nFac
5522751506505269248,1
5522751712663699456,2
5522751850102652928,1
5522751987541606400,2
5522752090620821504,1
5522752296779251712,13
5522752468577943552,33
5522752502937681920,1
5522796414683316224,1
5522796483402792960,5
5522906984321384448,13
5522923683154231296,1
5522923820593184768,1
5522973332976173056,1
5523089949928194048,2
5523089984287932416,5
5523094519773396992,19
5523100910684733440,8
5523101082483425280,2
5523872492969525248,7
5523873764279844864,1
5523881632659931136,1
5523882010617053184,2
5523890944149028864,8
5523891356465889280,11
5523892078020395008,1
5523895239116324864,1
5523896338627952640,1
5523905787556003840,2
5523905821915742208,2
5523992855133028352,3
5524834840521736192,1
5524834874881474560,1
5524834943600951296,1
5524845595119845376,4
5525218432640876544,1
5525218570079830016,7
5525218604439568384,43
5525219085475905536,4
5525219360353812480,1
5525219978829103104,1
5525220425505701888,1
5525220459865440256,1
5525220494225178624,6
5525220562944655360,1
5525220597304393728,3
5525220631664132096,6
5525220666023870464,7
5525220803462823936,2
5525220872182300672,5
5525221250139422720,20
5525221456297852928,2
5525221902974451712,1
5525225338948288512,3
5525229977512968192,1
5525233138608898048,4
5525233516566020096,1
5525235921747705856,7
5525236334064566272,2
5525240457233170432,8
5525245782992617472,1
5525285880807292928,8
5525286636721537024,1
5525289454220083200,1
5525298971867611136,24
5525299143666302976,7
5525299315464994816,1
5525300380616884224,5
5525301205250605056,2
5525308764393046016,14
5525308798752784384,19
5525309211069644800,7
5525309520307290112,1
5525311238294208512,1
5525312990640865280,5
5525315155304382464,3
5525328486882869248,1
5525330720265863168,1
5525330823345078272,1
5525331579259322368,1
5525335736787664896,2
5525341921540571136,1
5525341955900309504,1
5525342196418478080,3
5525346010349436928,1
5525355665435918336,1
5525360097842167808,1
5525377758747688960,1
5525378583381409792,1
5525378892619055104,1
5525380851124142080,1
5525380919843618816,2
5525382981427920896,1
5525387963589984256,1
5525391227765129216,2
5525391674441728000,1
5525405349617598464,1
5525405624495505408,1
5525408957390127104,5
5525414214430097408,1
5525430432226607104,3
5525435414388670464,1
5525435964144484352,2
5525435998504222720,1
5525436032863961088,13
5525436170302914560,2
5525436788778205184,22
5525436823137943552,9
5525437750850879488,2
5525438472405385216,1
5525438506765123584,3
5525454312244772864,1
5525455549195354112,4
5525455686634307584,6
5525455755353784320,8
5525463383215702016,2
5525466028915556352,1
5525468880773840896,2
5525474996807270400,1
5525475134246223872,33
5525479016896659456,2
5525489256098693120,1
5525498498868314112,3
5525507810357411840,2
5525508188314533888,6
5525518186998398976,1
5525526776932990976,1
5525532755527467008,2
5525532858606682112,2
5525560999232405504,1
5525561617707696128,1
5525561755146649600,7
5525562030024556544,5
5525564263407550464,1
5525573403097956352,3
5525583470501298176,3
5525612779358126080,2
5525613775790538752,2
5525613913229492224,7
5525618757952602112,6
5525619582586322944,19
5525621300573241344,1
5525727300366106624,3
5525731904571047936,2
5525829589307228160,1
5525830310861733888,1
5525832166287605760,3
5525832750403158016,5
5525833609396617216,2
5525834056073216000,13
5525835980218564608,1
5525839759789785088,10
5525840584423505920,1
5525875012881350656,1
5525876765228007424,1
5525883671535419392,1
5525905283810852864,7
5525954555675672576,1
5525954727474364416,1
5525955174150963200,9
5525961874299944960,1
5525963076890787840,1
5525963695366078464,3
5525963729725816832,4
5525963798445293568,1
5525983177337733120,4
5526007916349358080,2
5526027467040489472,1
5526052309131329536,1
5526097251669114880,2
5526263484083339264,2
5526263552802816000,1
5526336498527371264,26
5526337048283185152,1
5526337254441615360,4
5526344573065887744,2
5526347528003387392,7
5526347562363125760,2
5526348180838416384,4
5526349761386381312,3
5526356942571700224,1
5526357595406729216,1
5526368006407454720,4
5526401953828962304,7
5526409650410356736,1
5526410749921984512,2
5526412433549164544,1
5526413842298437632,1
5526416728516460544,2
5526429338540441600,7
5526429372900179968,5
5526429579058610176,2
5526430231893639168,1
5526430334972854272,1
5526432808874016768,2
5526434389421981696,1
5526435798171254784,1
5526441536247562240,1
5526445934294073344,2
5526446003013550080,3
5526448236396544000,8
5526448339475759104,21
5526448408195235840,3
5526448923591311360,2
5526449645145817088,1
5526449713865293824,1
5526450194901630976,1
5526451328772997120,1
5526451569291165696,1
5526451638010642432,2
5526451741089857536,1
5526451844169072640,6
5526452015967764480,2
5526452359565148160,2
5526452462644363264,1
5526453115479392256,1
5526453802674159616,1
5526457204288258048,1
5526461980291891200,1
5526462083371106304,1
5526462358249013248,3
5526470123549884416,3
5526472391292616704,1
5526474040560058368,1
5526474384157442048,2
5526475655467761664,1
5526477029857296384,1
5526478301167616000,1
5526478438606569472,1
5526480328392179712,2
5526484107963400192,13
5526487131620376576,12
5526487165980114944,14
5526487200339853312,15
5526488540369649664,33
5526488609089126400,3
5526489708600754176,1
5526489742960492544,1
5526497954937962496,1
5526498607772991488,2
5526498710852206592,1
5526507644384182272,1
5526508846975025152,2
5526514585051332608,1
5526515753282437120,1
5526524033979383808,1
5526539186624004096,22
5526547501680689152,3
5526554442347839488,7
5526556710090571776,1
5526560764539699200,5
5526560798899437568,1
5526560936338391040,14
5526560970698129408,2
5526563685117460480,2
5526578872121819136,1
5526578975201034240,1
5526584919435771904,1
5526586396904521728,1
5526586877940858880,1
5526587358977196032,3
5526587427696672768,3
5526588527208300544,2
5526594608881991680,2
5526594677601468416,4
5526595089918328832,3
5526595502235189248,7
5526595570954665984,19
5526596086350741504,2
5526596601746817024,24
5526596636106555392,9
5526597254581846016,6
5526597288941584384,3
5526598251014258688,22
5526599556684316672,5
5526601171592019968,2
5526601618268618752,1
5526603233176322048,2
5526603611133444096,3
5526604848084025344,2
5526618076583297024,1
5526620997161058304,1
5526621340758441984,1
5526621821794779136,2
5526623161824575488,1
5526625463927046144,1
5526626838316580864,1
5526627388072394752,1
5526627422432133120,2
5526628075267162112,3
5526631408161783808,3
5526631442521522176,1
5526635015934312448,1
5526635634409603072,2
5526639723218468864,2
5526640410413236224,1
5526641131967741952,6
5526642334558584832,1
5526642746875445248,1
5526643296631259136,3
5526644293063671808,1
5526644396142886912,1
5526646148489543680,2
5526648931628351488,5
5526649412664688640,25
5526649447024427008,3
5526650031139979264,12
5526650409097101312,1
5526650512176316416,4
5526651371169775616,11
5526651611687944192,9
5526651646047682560,13
5526651852206112768,1
5526651886565851136,2
5526652951717740544,1
5526654085589106688,8
5526654119948845056,7
5526654154308583424,27
5526657487203205120,1
5526658243117449216,7
5526658792873263104,1
5526660339061489664,1
5526660373421228032,38
5526660407780966400,23
5526660751378350080,1
5526660957536780288,1
5526661026256257024,4
5526668344880529408,4
5526668722837651456,3
5526670646983000064,2
5526670784421953536,2
5526671024940122112,1
5526671437256982528,1
5526673120884162560,2
5526677690729365504,13
5526677862528057344,14
5526679580514975744,5
5526679821033144320,1
5526680611307126784,1
5526681916977184768,1
5526684803195207680,1
5526684974993899520,1
5526685009353637888,1
5526686349383434240,4
5526687139657416704,1
5526698959407415296,2
5526701330229362688,6
5526701502028054528,6
5526701708186484736,24
5526735174571655168,2
5526736514601451520,2
5526738438746800128,1
5526738473106538496,1
5526749330783862784,6
5526946109005496320,1
5526977582525841408,11
5527000672270024704,1
5527037093592694784,1
5527265139176243200,5
5527282834441502720,2
5528928803348283392,2
5529384550917996544,4
5529388055611310080,2
5529399566123663360,1
5529480723825688576,1
5529481514099671040,2
5529486083944873984,12
5529491650222489600,1
5529491822021181440,4
5529491856380919808,1
5529491925100396544,1
5529492887173070848,4
5529492921532809216,2
5529496254427430912,2
5529496529305337856,1
5529496563665076224,2
5529497079061151744,2
5529497353939058688,7
5529512128626556928,1
5529512162986295296,11
5529512197346033664,1
5529512266065510400,3
5529512369144725504,2
5529512437864202240,1
5529515049204318208,3
5529515083564056576,1
5529540544130187264,4
5529571433534980096,1
5529579370634543104,1
5529579886030618624,2
5529762851637428224,6
5529762954716643328,12
5573308631698374656,4
5573317874467995648,4
5573318286784856064,5
5955273954665955328,1
5955502893602701312,2
5955882671790882816,1
5955892533035794432,1
5955893563827945472,8
5955987022316306432,4
5956197681872240640,4
5956202801473257472,5
5957749951772491776,34
5957750020491968512,20
5957750089211445248,6
5957752219515224064,21
5957752322594439168,1
5957752528752869376,2
5957752597472346112,1
5957753868782665728,6
5957754452898217984,2
5957779088830627840,3
5957784070992691200,7
5957784174071906304,4
5957784689467981824,131
5957789912148213760,2
5957790805501411328,41
5957988270917812224,5
5958010295510106112,1
5958168247227383808,5
5958170755488284672,6
5958170892927238144,24
5958170927286976512,9
5958171064725929984,3
5958171099085668352,2
5958171683201220608,8
5958171854999912448,19
5958177696155435008,16
5958327367175766016,1
5958420550786220032,16
5958420619505696768,98
5958421684657586176,2
5958428762763689984,1
5958432095658311680,5
5958575375767306240,1
5958590975088525312,11
5958591009448263680,2
5958609735505674240,30
5958633031408287744,1
5958779335174258688,1
5958798679706959872,7
5958799366901727232,13
5958806101410447360,2
5958809571744022528,1
5958892000756367360,12
5958930140065955840,1
5959024904224374784,2
5959038545040506880,1
5959040572265070592,2
5959045520067395584,1
5959048578084110336,2
5959049505797046272,13
5959050089912598528,1
5959050158632075264,19
5959050399150243840,1
5959050845826842624,6
5959050983265796096,2
5959051051985272832,3
5959051292503441408,2
5959051498661871616,3
5959051704820301824,3
5959052460734545920,2
5959054316160417792,1
5959056377744719872,16
5959056652622626816,5
5959056755701841920,5
5959056790061580288,8
5959056858781057024,1
5959056927500533760,28
5959057271097917440,5
5959057511616086016,3
5959058267530330112,3
5959058679847190528,11
5959059435761434624,6
5959060329114632192,2
5959060947589922816,4
5959064143045591040,6
5959074657125531648,1
5959074966363176960,4
5959078161818845184,1
5959079811086286848,8
5959095376047767552,1
5959122142283956224,4
5959124959782502400,1
5959131831730176000,6
5959132072248344576,7
5959132793802850304,3
5959133206119710720,1
5959133790235262976,43
5959136435935117312,2
5959137294928576512,49
5959141658615349248,4
5959142139651686400,3
5959142655047761920,2
5959146606417674240,51
5959148152605900800,105
5959149973672034304,16
5959152344493981696,11
5959152516292673536,49
5959153134767964160,5
5959153203487440896,18
5959153684523778048,71
5959153890682208256,9
5959156089705463808,67
5959156605101539328,44
5959157910771597312,41
5959159869276684288,36
5959160212874067968,4
5959160384672759808,8
5959160762629881856,5
5959160831349358592,6
5959160900068835328,31
5959161037507788800,2
5959161655983079424,27
5959161724702556160,48
5959162137019416576,103
5959162996012875776,13
5959163133451829248,5
5959163786286858240,31
5959164645280317440,18
5959164851438747648,14
5959165607352991744,2
5959166947382788096,20
5959167497138601984,5
5959171070551392256,15
5959171139270868992,5
5959171242350084096,4
5959174540884967424,8
5959175915274502144,65
5959176636829007872,57
5959179076370432000,3
5959189693529587712,6
5959189934047756288,5
5959190758681477120,2
5959195637764325376,3
5959207560593539072,1
5959222266561560576,2
5959222369640775680,22
5959222678878420992,3
5959224018908217344,3
5959229482106617856,2
5959266796782485504,26
5959280059641495552,10
5959328541232332800,1
5959357918808637440,35
5959406331679997952,2
5959430830173454336,2
5959452682967056384,3
5959480170757750784,3
5959483778530279424,1
5959486664748302336,2
5959491234593505280,8
5959491612550627328,4
5959491715629842432,4
5959492368464871424,2
5959492849501208576,14
5959492918220685312,41
5959493364897284096,37
5959493433616760832,37
5959493605415452672,22
5959494258250481664,20
5959538788471406592,1
5959540850055708672,10
5959544938864574464,1
5959561672057159680,1
5959561809496113152,1
5959657879324590080,12
5959663754839851008,2
5959676742820954112,4
5959912553705373696,49
5959915302484443136,1
5960018209900855296,20
5960115173082529792,2
5960115619759128576,1
5960116066435727360,1
5960154858580344832,12
5960157847877582848,26
5960157950956797952,13
5960157985316536320,92
5960158054036013056,12
5960158088395751424,9
5960159359706071040,2
5960159428425547776,2
5960159737663193088,4
5960159772022931456,6
5960159806382669824,27
5960159840742408192,34
5960159875102146560,30
5960160493577437184,16
5960160527937175552,3
5960160596656652288,16
5960163860831797248,2
5960164479307087872,3
5960167399884849152,4
5960187362892840960,17
5960187706490224640,5
5960194544078159872,20
5960208425412460544,5
5960209250046181376,1
5960435508923334656,5
5960435612002549760,27
5960454990894989312,1
5960533640336113664,3
5960562846113726464,27
5960563567668232192,6
5960564461021429760,90
5960568893427679232,3
5960569099586109440,19
5960570061658783744,3
5961472142229897216,3
5964899766650273792,1
5965258241800667136,2
5965258276160405504,9
5965307307507056640,12
5965498107134214144,10
5965514359290462208,3
5965597784735219712,1
5965907847014252544,1
5965999140839096320,6
9281427195694153728,6
9281428776242118656,25
9282270108795797504,2
9282298249421520896,5
9282461836135890944,8
9282461870495629312,40
9282461904855367680,43
9282461939215106048,19
9282663287281942528,1
9283268912030416896,1
9283272416723730432,3
9283703700159725568,3
9283706242780364800,2
9283706620737486848,15
9283878144551419904,38
9283878178911158272,19
9716064004715053056,20
9716075343428714496,11
9716075377788452864,10
9716075583946883072,18
9716077473732493312,37
9716077508092231680,30
9716077576811708416,34
9716077611171446784,82
9716077748610400256,34
9716077782970138624,40
9716077954768830464,55
9716080806627115008,13
9716080840986853376,49
9716080875346591744,121
9716080909706330112,10
9716081047145283584,3
9716081287663452160,25
9716081803059527680,5
9716081871779004416,30
9716083727204876288,55
9716130078491934720,1
9716511712105988096,3
9739255797321302016,2
9739256243997900800,16
9739891899157708800,15
9739892036596662272,9
9739892139675877376,17
9739892174035615744,23
9739892208395354112,16
9739893548425150464,22
9739893617144627200,34
9739893651504365568,20
9739893685864103936,20
9739893720223842304,24
9739893823303057408,13
9739893857662795776,15
9739893926382272512,25
9739898496227475456,51
9739898908544335872,15
9739899080343027712,32
9739899217781981184,22
9739899252141719552,54
9739899286501457920,13
9739899320861196288,7
9739899423940411392,24
9739899904976748544,35
9739899939336486912,107
9739899973696225280,69
9739900008055963648,111
9739900042415702016,61
9739900076775440384,16
9739901038848114688,10
9739901279366283264,47
9739901313726021632,71
9739901657323405312,3
9739938731481104384,1
9739941136662790144,16
9739941445900435456,9
9739998689224556544,4
9740063629130072064,53
9740063663489810432,23
9740063732209287168,53
9740064453763792896,53
9740065175318298624,4
9740178665534128128,35
9740178768613343232,23
9740178802973081600,15
9740178906052296704,18
9740235256023220224,1
9740397468348055552,1
9740397502707793920,1
9740398636579160064,1
9740447599206334464,23
9740447633566072832,6
9740457185573339136,1
9740458628682350592,16
9740485188760109056,2
9740493057140195328,35
9740502677866938368,2
9740506113840775168,9
9740620016373465088,8
9741189357238222848,33
9742148956011364352,5
9742149265249009664,1
9742155553081131008,1
9742156034117468160,4
9742156102836944896,1
9742532616849981440,1
9766637863100743680,2
9766723006532419584,1
9766790901375434752,21
9766980326613057536,1
9767139206043271168,3
9767139240403009536,1
9767141989182078976,1
9787048715922440192,1
9787931829917974528,1
9788274705747148800,1
9790779221436530688,1
9790860001181433856,26
9790860035541172224,2
9795559279518810112,3
9795559554396717056,99
9795560379030437888,4
9796312754221481984,28
9796441156563763200,1
9796516885427126272,11
9796516919786864640,2
9796876975485222912,1
9796877662679990272,12
9796877697039728640,33
9796962153276637184,1
9797013830323142656,2
9797020564831862784,4
9797040321681424384,2
9797041970948866048,1
9797045613081133056,2
9797046025397993472,4
9797046197196685312,5
9797047159269359616,18
9797052794266451968,1
9797053962497556480,72
9797053996857294848,71
9797056642557149184,1
9797057742068776960,60
9797059872372555776,35
9797061212402352128,4
9797061246762090496,49
9797061384201043968,1
9797062174475026432,109
9797062414993195008,2
9797062655511363584,4
9797063514504822784,14
9797063583224299520,1
9797064201699590144,44
9797065335570956288,5
9797065541729386496,3
9797066400722845696,2
9797067672033165312,3
9797068531026624512,17
9797069767977205760,13
9797070867488833536,101
9797071485964124160,15
9797075815291158528,16
9797081347209035776,32
9797086672968482816,2
9797099489150894080,11
9797099660949585920,2
9797099832748277760,51
9797102203570225152,3
9797136941265715200,1
9797289635943022592,17
9797405084663939072,4
9797453600614514688,2
9797457002228613120,1
9797487582395760640,3
9797513008602152960,1
9797513146041106432,2
9797513661437181952,1
9797513695796920320,4
9797513833235873792,1
9797513867595612160,2
9797514039394304000,1
9797514245552734208,1
9797514348631949312,1
9797515001466978304,52
9797515482503315456,1
9797515516863053824,2
9797515619942268928,3
9797515688661745664,2
9797515723021484032,1
9797515826100699136,2
9797516478935728128,17
9797516547655204864,2
9797516822533111808,2
9797519674391396352,10
9797520189787471872,1
9797526134022209536,2
9797526237101424640,1
9797526271461163008,1
9797527680210436096,2
9797527714570174464,6
9797527748929912832,4
9797527989448081408,3
9797528195606511616,11
9797528264325988352,5
9797528539203895296,4
9797528573563633664,5
9797528848441540608,2
9797528917161017344,2
9797529020240232448,2
9797529054599970816,2
9797529123319447552,2
9797529295118139392,4
9797529329477877760,3
9797529432557092864,6
9797529501276569600,5
9797529535636307968,1
9797529673075261440,18
9797529741794738176,8
9797529844873953280,14
9797529879233691648,1
9797529913593430016,1
9797529947953168384,6
9797529982312906752,33
9797530051032383488,6
9797530119751860224,14
9797530188471336960,2
9797530360270028800,1
9797532593653022720,40
9797532696732237824,47
9797532765451714560,13
9797534380359417856,16
9797534414719156224,4
9797534620877586432,1
9797534998834708480,5
9797535376791830528,4
9797535445511307264,3
9797535479871045632,3
9797535651669737472,1
9797535720389214208,2
9797535823468429312,1
9797535857828167680,1
9797535892187906048,23
9797536132706074624,3
9797536235785289728,5
9797536441943719936,188
9797537026059272192,1
9797537129138487296,25
9797537232217702400,2
9797537369656655872,8
9797537507095609344,1
9797537953772208128,3
9797538194290376704,6
9797538331729330176,1
9797538537887760384,5
9797538572247498752,2
9797538744046190592,1
9797539225082527744,3
9797539259442266112,1
9797539396881219584,5
9797539431240957952,1
9797539465600696320,3
9797539534320173056,3
9797539603039649792,2
9797539637399388160,2
9797539843557818368,4
9797540152795463680,1
9797540255874678784,3
9797540358953893888,3
9797540393313632256,3
9797540427673370624,2
9797541183587614720,2
9797541389746044928,1
9797542180020027392,1
9797542867214794752,1
9797542970294009856,1
9797543726208253952,10
9797544344683544576,5
9797544413403021312,2
9797544447762759680,3
9797545306756218880,2
9797545822152294400,7
9797875950518534144,1
9798053074969821184,1
9798108565947285504,1
9798109218782314496,4
9798109253142052864,1
9798178625453817856,1
9798211370284482560,1
9801268321847345152,48
9802262142919901184,6
9802458955501273088,6
9802463937663336448,1
9802745034682925056,5
9802798532795564032,2
9803155083800608768,1
9803809465017827328,4
9803812351235850240,47
9803812488674803712,2
9803813038430617600,6
9803816165166809088,3
9803817367757651968,22
9803821044249657344,5
9803821112969134080,10
9803821868883378176,51
9803822040682070016,55
9803822693517099008,93
9803823689949511680,52
9803827675679162368,2
9803827744398639104,15
9803848394601398272,15
9803886499551248384,12
9803886980587585536,1
9803918797705314304,3
9803920996728569856,3
9803957864727838720,5
9803962400213303296,9
9804062077814308864,6
9804069568237273088,45
9804069877474918400,7
9804070667748900864,21
9804166325260517376,1
9804167012455284736,2
9804169074039586816,1
9804181203027230720,2
9804182783575195648,3
9804210992920395776,6
9804220441848446976,13
9804281396024311808,38
9804283354529398784,73
9804283388889137152,37
9804287683856433152,61
9804295449157304320,5
9804626711394910208,22
9804627226790985728,6
9804637740870926336,25
9804667187166707712,1
9804672650365108224,2
9804677426368741376,1
9804724739728474112,2
9804777000890531840,11
9804783254362914816,6
9804786930854920192,1
9804797307495907328,3
9804824829646340096,2
9804827303547502592,2
9804827372266979328,4
9804827750224101376,39
9804829090253897728,23
9804830086686310400,6
9804832079551135744,28
9804856200087470080,1
9804859258104184832,5
9804862522279329792,30
9804862694078021632,14
9804863037675405312,8
9804863140754620416,31
9804864790022062080,4
9804872864560578560,1
9804878121600548864,2
9804881454495170560,3
9804881798092554240,1
9805029957284397056,1
9805089983747325952,1
9805134891925372928,8
9805147879906476032,1
9805149391734964224,1
9805183717113593856,7
9805191688572895232,35
9805209864874491904,1
9805210277191352320,3
9805226391908646912,5
9805226666786553856,2
9805331189110669312,1
9805366339123019776,2
9805374791618658304,6
9805432275460947968,1
9805537244461662208,7
9805537313181138944,23
9805538550131720192,1
9805542535861370880,7
9805556520274886656,2
9805585519894069248,6
9805596789888253952,1
9805597580162236416,3
9805607510126624768,7
9805607750644793344,2
9805649875684032512,4
9805651628030689280,4
9805656678912229376,26
9805658396899147776,1
9805663275981996032,3
9805664375493623808,3
9805667261711646720,2
9805703820473270272,6
9805759792487071744,1
9805759861206548480,5
9805759964285763584,15
9805760170444193792,1
9805760239163670528,2
9805773158425296896,1
9805783019670208512,16
9805828202726162432,2
9805963889332977664,15
9805963992412192768,1
9805993644866404352,6
9805994881816985600,29
9806006873365676032,11
9806013539154919424,3
9806017902841692160,3
9806026492776284160,3
9806059031448518656,2
9806066865468866560,3
9806101637524094976,1
9806114659864936448,1
9806120397941243904,3
9806132733087318016,22
9806141529180340224,24
9806143109728305152,21
9806164344046616576,1
9806164481485570048,1
9806164859442692096,1
9806187468150538240,3
9806199528418705408,15
9806200765369286656,1
9806239179556782080,18
9806239385715212288,22
9806239420074950656,6
9806239935471026176,18
9806242306292973568,7
9806250964947042304,27
9806256874822041600,3
9806268076096749568,18
9806280205084393472,3
9806282232308957184,2
9806285359045148672,10
9806289825811136512,11
9817277382946455552,1
9817324249629589504,1
9817847617164410880,11
9818364834306064384,30
9818382701370015744,1
9824034362935476224,1
9824668609346011136,6
9824670670930313216,9
9827566681478660096,1
9827615025630543872,1
9829412143026405376,1
9829508453373050880,1
9829515290960986112,3
9829686436817797120,2
9829733818897006592,9
9829828720494379008,3
9830034741485633536,1
9830038692855545856,40
9830040926238539776,45
9830041132396969984,8
9830046526875893760,21
9830047214070661120,13
9830048004344643584,2
9830049310014701568,33
9830049722331561984,26
9830050134648422400,22
9830055357328654336,1
9830056319401328640,2
9830072605917315072,3
9830072880795222016,15
9830124557841727488,1
9830216779379507200,1
9830237807539388416,1
9830254609451450368,4
9830256911553921024,1
9830257117712351232,2
9830277252519034880,8
9830281513126592512,1
9830298658636038144,1
9830326902340976640,1
9830333327612051456,1
9830346693550276608,1
9830348823854055424,5
9830409468792274944,1
9830413866838786048,2
9830414863271198720,2
9830415069429628928,19
9830416684337332224,11
9830418402324250624,5
9830505263742844928,14
9830556494112751616,4
9830588620468125696,3
9830603979271176192,7
9830624629473935360,8
9830624766912888832,59
9830634799956492288,3
9830709326229012480,1
9830794194782781440,83
9830794607099641856,11
9830808488433942528,1
9830903080793669632,42
9830914556946284544,12
9830929434712997888,1
9831072611742777344,2
9831267397099585536,20
9831276261912084480,3
9831308697505103872,5
9831462594773254144,3
9831528290593013760,6
9831918101824798720,1
9832059526507921408,1
9833094338748350464,1
9833562799421259776,2
9833658113335492608,3
9834145678022934528,3
9834165263073804288,3
9834176086391390208,22
9837483657885908992,1
9837643602468012032,2
9837649615422226432,1
9837666760931672064,1
9838297914965753856,3
9838377457760075776,1
9838408759481729024,3
9838421335145971712,5
9838504829310205952,2
9839188485024514048,2
9839336266259234816,2
9839470853354422272,1
9839710272011370496,2
9840115167168299008,1
9870809511726415872,1
9871394692430561280,1
9871953313056948224,3
9935145201242734592,2
9935169081260900352,1
9935251132316123136,4
9935263501821935616,4
9935270511208562688,13
9935273981542137856,3
9935296143573385216,1
9935437465177292800,1
9935575763124224000,37
9935620808741224448,23
9935628642761572352,5
9935671248837148672,4
9935671317556625408,1
9935680663405461504,1
9935680903923630080,9
9935680938283368448,1
9935681007002845184,3
9935681041362583552,1
9935682553191071744,10
9935685370689617920,2
9935689287699791872,2
9935690455930896384,2
9935697121720139776,1
9935708529153277952,1
9935709319427260416,3
9935710659457056768,1
9935712755401097216,1
9935713202077696000,2
9935713270797172736,1
9935713751833509888,1
9935713854912724992,11
9935713889272463360,6
9935713923632201728,2
9935713992351678464,4
9935714610826969088,57
9935752990654726144,2
9935755155318243328,1
9935756426628562944,1
9935757182542807040,2
9935758178975219712,3
9935789411977396224,34
9935792813591494656,7
9935792882310971392,20
9935793638225215488,87
9935793913103122432,28
9935807485199777792,7
9935813360715038720,1
9935823325039165440,3
9935928122241187840,16
9935932485927960576,1
9935939186076942336,16
9935940285588570112,4
9935940354308046848,7
9935943859001360384,16
9935943927720837120,1
9935944202598744064,29
9935945473909063680,23
9935954785398161408,12
9935960523474468864,11
9935961829144526848,9
9935962138382172160,1
9935962619418509312,23
9935965539996270592,17
9935965677435224064,4
9935970384719380480,8
9935988217423593472,12
9935988251783331840,11
9935989213856006144,1
9936020446858182656,3
9936035874380709888,1
9936036389776785408,3
9936038417001349120,57
9936040993981726720,19
9936041028341465088,14
9936043089925767168,1
9936043605321842688,2
9936047797209923584,17
9936048072087830528,6
9936048243886522368,30
9936048312605999104,37
9936048656203382784,15
9936050820866899968,22
9936054531718643712,5
9936072845459193856,4
9936073017257885696,40
9936078136858902528,9
9936078343017332736,13
9936081675911954432,10
9936162833613979648,1
9936173725651042304,1
9936178158057291776,16
9936187125949005824,9
9936190355764412416,4
9936201419600166912,1
9936213239350165504,67
9936213273709903872,21
9936213514228072448,31
9936213995264409600,5
9936217190720077824,6
9936219389743333376,1
9936225333978071040,10
9936226089892315136,1
9936226433489698816,3
9936226674007867392,1
9936227361202634752,7
9936228838671384576,3
9936229250988244992,1
9936232343364698112,1
9936236707051470848,1
9936236947569639424,10
9936240486622691328,1
9936241345616150528,9
9936242410768039936,24
9936243578999144448,2
9936271513466437632,9
9936273643770216448,1
9936274262245507072,3
9936276220750594048,1
9936297455068905472,1
9936297661227335680,1
9936326385968611328,1
9936327244962070528,7
9936332020965703680,1
9936334288708435968,12
9936335525659017216,3
9936841644605177856,2
9936843809268695040,16
9936865799501250560,1
9936869647791947776,1
9936869682151686144,6
9936870850382790656,16
9936870953462005760,10
9936871228339912704,7
9936871778095726592,34
9936871984254156800,13
9936872465290493952,4
9936872499650232320,8
9936872568369709056,6
9936872877607354368,2
9936873255564476416,24
9936873289924214784,7
9936873702241075200,25
9936873839680028672,4
9936874217637150720,11
9936876657178574848,26
9936877275653865472,16
9936949465464176640,5
9936987501694550016,13
9942563812353769472,7
