pt,cid,lat,lon,layer
samplePoint.136911,9801268321847345152,43.032065,-87.914519,EGAD
OST_SHPD-NRSA1314-ILRM-1001,9802262142919901184,42.478330,-89.056040,WQP
USGS-412059088495201,9802458955501273088,41.349583,-88.831139,WQP
USGS-05553700,9802463937663336448,41.324756,-88.983969,WQP
USGS-411904089040401,9802469744459120640,41.317639,-89.067861,WQP
OST_SHPD-NRSA0809-IL022,9802555884323209216,41.900020,-89.482150,WQP
OST_SHPD-NRSA1314-ILR9-0907,9802555884323209216,41.900020,-89.482150,WQP
OST_SHPD-NRS18_IL_10024,9802607733168406528,41.713760,-89.906750,WQP
OST_SHPD-NRSA1314-ILR9-0902,9802629379803578368,41.485850,-89.848480,WQP
USGS-404848089325301,9802735448315920384,40.813417,-89.547972,WQP
USGS-05563590,9802745034682925056,40.635038,-89.622322,WQP
USGS-05568500,9802798532795564032,40.553439,-89.777272,WQP
USGS-403307089434701,9802802037488877568,40.552000,-89.729639,WQP
OST_SHPD-NRSA0809-IL036,9802867286632038400,40.153770,-89.675510,WQP
USGS-05558300,9803155083800608768,41.107278,-89.356222,WQP
USGS-411123088061201,9803725111860133888,41.189778,-88.103361,WQP
OST_SHPD-NRSA0809-IL018,9803734320270016512,41.151960,-87.914180,WQP
OST_SHPD-NRSA1314-ILR9-0906,9803734320270016512,41.151960,-87.914180,WQP
USGS-410123087385601,9803757478733676544,41.023083,-87.649083,WQP
USGS-405942087334101,9803762186017832960,40.995111,-87.561333,WQP
USGS-410925087333201,9803765450192977920,41.156972,-87.559000,WQP
USGS-410859087370001,9803766171747483648,41.149889,-87.616917,WQP
USGS-413832087334301,9803809465017827328,41.642400,-87.562169,WQP
USGS-413908087403101,9803812351235850240,41.652481,-87.675470,WQP
USGS-413909087392101,9803812488674803712,41.652681,-87.655950,WQP
USGS-413944087370901,9803813038430617600,41.662461,-87.619239,WQP
USGS-414029087351601,9803816165166809088,41.674739,-87.587839,WQP
USGS-414319087323701,9803817367757651968,41.722020,-87.543520,WQP
USGS-415322087362801,9803821044249657344,41.889472,-87.607764,WQP
USGS-415236087364001,9803821112969134080,41.876722,-87.611028,WQP
EPA_GLNPO-J,9803821868883378176,41.834444,-87.624722,WQP
USGS-414952087392701,9803822040682070016,41.831055,-87.657389,WQP
USGS-05536118,9803822693517099008,41.892333,-87.642361,WQP
USGS-415035087395101,9803823689949511680,41.843269,-87.664339,WQP
USGS-414841087461301,9803827675679162368,41.811333,-87.770222,WQP
USGS-05536140,9803827744398639104,41.816722,-87.753472,WQP
USGS-05536152,9803848394601398272,41.700587,-87.939502,WQP
USGS-05536700,9803848394601398272,41.696389,-87.941667,WQP
USGS-05537980,9803886499551248384,41.536472,-88.083694,WQP
USGS-05537000,9803886980587585536,41.570278,-88.079444,WQP
USGS-412302088154701,9803918797705314304,41.383833,-88.262917,WQP
USGS-05539670,9803920996728569856,41.414444,-88.214444,WQP
USGS-412012088274601,9803948553238740992,41.336667,-88.462778,WQP
USGS-05543010,9803957864727838720,41.299889,-88.614194,WQP
USGS-05543500,9803962400213303296,41.327000,-88.717083,WQP
USGS-420012088191101,9804060084949483520,42.003444,-88.319806,WQP
USGS-420114088141802,9804062077814308864,42.020556,-88.238333,WQP
OST_SHPD-NRSA0809-IL027,9804066785098465280,42.216450,-88.188910,WQP
OST_SHPD-NRSA1314-ILR9-0909,9804066785098465280,42.216450,-88.188910,WQP
USGS-421228088160701,9804068949761982464,42.207917,-88.268667,WQP
USGS-421301088191501,9804069568237273088,42.216944,-88.320889,WQP
USGS-421052088184101,9804069877474918400,42.181111,-88.311472,WQP
USGS-05550090,9804070667748900864,42.108359,-88.289525,WQP
USGS-415752088244001,9804088569172590592,41.964556,-88.411222,WQP
USGS-422358088360201,9804154814748164096,42.399545,-88.600619,WQP
USGS-422308088195601,9804166325260517376,42.385472,-88.332250,WQP
USGS-422308088231001,9804167012455284736,42.385556,-88.386111,WQP
USGS-422308088231002,9804167012455284736,42.385556,-88.386111,WQP
USGS-422308088264201,9804169074039586816,42.385464,-88.444908,WQP
USGS-421402088173501,9804181203027230720,42.233889,-88.293167,WQP
USGS-421633088125801,9804182783575195648,42.276083,-88.216333,WQP
USGS-422300087552501,9804210992920395776,42.383278,-87.923667,WQP
USGS-421545087564301,9804220441848446976,42.262639,-87.945417,WQP
USGS-05536105,9804281396024311808,41.974167,-87.705833,WQP
USGS-420204087423601,9804283354529398784,42.034333,-87.709945,WQP
USGS-055361026,9804283388889137152,42.021944,-87.710278,WQP
EPA_GLNPO-FIELDQC,9804287683856433152,41.948090,-87.655330,WQP
OST_SHPD-GLHHFTS2010-IL0020,9804288645929107456,41.916380,-87.602070,WQP
USGS-420430087410801,9804295449157304320,42.074917,-87.685500,WQP
OST_SHPD-GLHHFTS2010-IL0005,9804315515244511232,42.342620,-87.821650,WQP
OST_SHPD-GLHHFTS2010-IL0001,9804323314905120768,42.467260,-87.779790,WQP
INSTOR_WQX-8176,9804626608315695104,41.735444,-86.901028,WQP
INSTOR_WQX-8164,9804626711394910208,41.718195,-86.886389,WQP
INSTOR_WQX-18654,9804627226790985728,41.716572,-86.859726,WQP
INSTOR_WQX-8863,9804637740870926336,41.620278,-86.721667,WQP
INSTOR_WQX-18658,9804648461109297152,41.753206,-86.667951,WQP
INSTOR_WQX-1933,9804667187166707712,41.744444,-86.272778,WQP
OST_SHPD-NRS18_IN_10033,9804667187166707712,41.741290,-86.272800,WQP
INSTOR_WQX-8158,9804672650365108224,41.698611,-86.371389,WQP
INSTOR_WQX-15902,9804677426368741376,41.544620,-86.369640,WQP
INSTOR_WQX-8126,9804687699930513408,41.557778,-86.548611,WQP
INSTOR_WQX-8083,9804713332295335936,41.297222,-86.378056,WQP
INSTOR_WQX-8085,9804724739728474112,41.306111,-86.639444,WQP
INSTOR_WQX-8112,9804734463534432256,41.490278,-86.580833,WQP
INSTOR_WQX-18360,9804734910211031040,41.498509,-86.582029,WQP
INSTOR_WQX-18359,9804736662557687808,41.490790,-86.668579,WQP
INSTOR_WQX-18577,9804777000890531840,41.468676,-87.079418,WQP
INSTOR_WQX-18660,9804783254362914816,41.535833,-87.122785,WQP
INSTOR_WQX-8116,9804786930854920192,41.513333,-87.043333,WQP
INSTOR_WQX-8120,9804786965214658560,41.523333,-87.050278,WQP
INSTOR_WQX-18563,9804788820640530432,41.434332,-86.988837,WQP
INSTOR_WQX-15233,9804795280271343616,41.623936,-86.980453,WQP
INSTOR_WQX-18673,9804796998258262016,41.586148,-87.037382,WQP
INSTOR_WQX-18663,9804797307495907328,41.620735,-87.062238,WQP
INSTOR_WQX-18666,9804824829646340096,41.616829,-87.126253,WQP
INSTOR_WQX-18661,9804827303547502592,41.596929,-87.144043,WQP
INSTOR_WQX-20094,9804827372266979328,41.611393,-87.154687,WQP
OST_SHPD-NRS18_IN_10030,9804827715864363008,41.628420,-87.176350,WQP
INSTOR_WQX-7162,9804827750224101376,41.617778,-87.176111,WQP
INSTOR_WQX-18668,9804829090253897728,41.571000,-87.240264,WQP
INSTOR_WQX-8143,9804830086686310400,41.615833,-87.264444,WQP
INSTOR_WQX-15810,9804830121046048768,41.613600,-87.278400,WQP
INSTOR_WQX-8748,9804830121046048768,41.615556,-87.272500,WQP
INSTOR_WQX-1912,9804832079551135744,41.609153,-87.372019,WQP
OST_SHPD-GLHHFTS2010-IN1069,9804836511957385216,41.663610,-87.266720,WQP
USGS-414948087304401,9804852901552586752,41.830219,-87.512369,WQP
OST_SHPD-GLHHFTS2010-IN1088,9804855684691394560,41.706180,-87.503410,WQP
INSTOR_WQX-9102,9804856200087470080,41.671389,-87.517500,WQP
INSTOR_WQX-18694,9804859258104184832,41.655000,-87.433000,WQP
INSTOR_WQX-6046,9804862522279329792,41.614306,-87.461528,WQP
INSTOR_WQX-7161,9804862694078021632,41.652222,-87.463056,WQP
USGS-413858087280501,9804862694078021632,41.649480,-87.468097,WQP
INSTOR_WQX-8144,9804863037675405312,41.618889,-87.500000,WQP
INSTOR_WQX-1910,9804863140754620416,41.624372,-87.517833,WQP
INSTOR_WQX-18672,9804864790022062080,41.557070,-87.481143,WQP
INSTOR_WQX-18667,9804872864560578560,41.559470,-87.394138,WQP
INSTOR_WQX-9146,9804877022088921088,41.527778,-87.274444,WQP
INSTOR_WQX-18670,9804878121600548864,41.476937,-87.222215,WQP
INSTOR_WQX-18669,9804881454495170560,41.435574,-87.355118,WQP
INSTOR_WQX-16319,9804881798092554240,41.400550,-87.372367,WQP
USGS-411719087171301,9804888120284413952,41.288806,-87.287083,WQP
USGS-411511087214501,9804890422386884608,41.253305,-87.362528,WQP
INSTOR_WQX-8043,9804907361737900032,41.166389,-87.525555,WQP
USGS-410702087310201,9804907842774237184,41.117333,-87.517278,WQP
USGS-410253087280701,9804909423322202112,41.048111,-87.468694,WQP
USGS-410030087263101,9804912653137608704,41.008556,-87.442083,WQP
USGS-410510087224201,9804916948104904704,41.086167,-87.378389,WQP
USGS-410505087201201,9804917497860718592,41.084722,-87.336750,WQP
USGS-411329087121201,9804934780809117696,41.224750,-87.203361,WQP
USGS-410748087060901,9804939281934843904,41.130111,-87.102528,WQP
USGS-410715087072301,9804939522453012480,41.120889,-87.123139,WQP
USGS-411023087061001,9804941687116529664,41.173028,-87.102667,WQP
USGS-405524087152701,9805016797504602112,40.923389,-87.257528,WQP
INSTOR_WQX-1987,9805029957284397056,40.820144,-87.464027,WQP
INSTOR_WQX-4511,9805064042144858112,40.317500,-87.290000,WQP
INSTOR_WQX-18362,9805089983747325952,39.981361,-87.385580,WQP
INSTOR_WQX-7867,9805130974915198976,39.945556,-87.055833,WQP
INSTOR_WQX-7882,9805134891925372928,40.050417,-86.921944,WQP
INSTOR_WQX-7926,9805147879906476032,40.360790,-86.909826,WQP
INSTOR_WQX-7931,9805148154784382976,40.379444,-86.934445,WQP
INSTOR_WQX-7939,9805149391734964224,40.404722,-86.965000,WQP
INSTOR_WQX-7946,9805183717113593856,40.441944,-86.895278,WQP
INSTOR_WQX-20098,9805184335588884480,40.430468,-86.850900,WQP
INSTOR_WQX-7944,9805185984856326144,40.437222,-86.804722,WQP
INSTOR_WQX-7967,9805191688572895232,40.584167,-86.672222,WQP
INSTOR_WQX-2159,9805205707346149376,40.330556,-86.665278,WQP
INSTOR_WQX-2166,9805209864874491904,40.375556,-86.751944,WQP
INSTOR_WQX-2312,9805210277191352320,40.418611,-86.761944,WQP
INSTOR_WQX-7892,9805225429835972608,40.088889,-86.851111,WQP
INSTOR_WQX-7884,9805226048311263232,40.052778,-86.841945,WQP
INSTOR_WQX-5675,9805226391908646912,40.039722,-86.854028,WQP
INSTOR_WQX-7886,9805226666786553856,40.058889,-86.874722,WQP
INSTOR_WQX-7877,9805231648948617216,40.046944,-86.759445,WQP
INSTOR_WQX-7921,9805298753517649920,40.323056,-86.562222,WQP
INSTOR_WQX-8359,9805331189110669312,40.764167,-86.321667,WQP
INSTOR_WQX-2243,9805332357341773824,40.782326,-86.264497,WQP
INSTOR_WQX-8323,9805339813404999680,40.745000,-86.470556,WQP
INSTOR_WQX-5791,9805365686287990784,40.594167,-86.770556,WQP
INSTOR_WQX-7973,9805366339123019776,40.658611,-86.754722,WQP
INSTOR_WQX-7990,9805374791618658304,40.781944,-86.760556,WQP
INSTOR_WQX-5862,9805378914787262464,40.869722,-86.825833,WQP
INSTOR_WQX-10421,9805432275460947968,41.128611,-86.421944,WQP
INSTOR_WQX-19242,9805489793662976000,41.091570,-85.975240,WQP
INSTOR_WQX-9018,9805496940488556544,41.173333,-85.940278,WQP
INSTOR_WQX-5844,9805537244461662208,40.792222,-85.810278,WQP
OST_SHPD-NRSA1314-INRM-1005,9805537313181138944,40.790220,-85.827390,WQP
INSTOR_WQX-19631,9805538515771981824,40.720206,-85.772828,WQP
INSTOR_WQX-19629,9805538550131720192,40.739058,-85.776615,WQP
INSTOR_WQX-19630,9805538962448580608,40.780615,-85.790105,WQP
INSTOR_WQX-8338,9805542535861370880,40.833611,-85.731389,WQP
INSTOR_WQX-8935,9805542948178231296,40.808333,-85.684722,WQP
INSTOR_WQX-2219,9805556520274886656,40.584444,-85.660833,WQP
INSTOR_WQX-8336,9805578647946395648,40.772778,-85.935278,WQP
INSTOR_WQX-8330,9805585519894069248,40.743056,-86.104722,WQP
INSTOR_WQX-18344,9805594178548137984,40.740442,-86.240519,WQP
INSTOR_WQX-18341,9805594419066306560,40.729570,-86.221033,WQP
INSTOR_WQX-18343,9805595690376626176,40.659364,-86.184963,WQP
INSTOR_WQX-18345,9805595793455841280,40.681710,-86.194830,WQP
INSTOR_WQX-17408,9805596068333748224,40.700176,-86.209340,WQP
INSTOR_WQX-17409,9805596789888253952,40.692658,-86.138780,WQP
INSTOR_WQX-18342,9805597580162236416,40.676986,-86.126534,WQP
INSTOR_WQX-18352,9805597580162236416,40.677809,-86.132659,WQP
INSTOR_WQX-18351,9805598473515433984,40.676576,-86.166665,WQP
INSTOR_WQX-2081,9805607200888979456,40.481000,-86.210000,WQP
INSTOR_WQX-2080,9805607372687671296,40.473611,-86.184167,WQP
INSTOR_WQX-17489,9805607510126624768,40.470197,-86.157136,WQP
INSTOR_WQX-7949,9805607750644793344,40.462222,-86.136389,WQP
INSTOR_WQX-7953,9805613282562670592,40.488472,-86.018333,WQP
INSTOR_WQX-2049,9805619329876623360,40.485556,-86.051111,WQP
INSTOR_WQX-11831,9805649875684032512,39.949444,-86.256111,WQP
INSTOR_WQX-18904,9805651628030689280,39.982976,-86.135744,WQP
INSTOR_WQX-18895,9805656678912229376,40.048677,-86.015410,WQP
INSTOR_WQX-18896,9805658396899147776,39.956174,-86.064414,WQP
INSTOR_WQX-6689,9805663275981996032,40.022917,-86.011806,WQP
INSTOR_WQX-6607,9805664375493623808,40.039693,-85.950859,WQP
INSTOR_WQX-6684,9805667261711646720,40.093512,-86.034413,WQP
INSTOR_WQX-7870,9805687087280685056,39.965833,-85.842500,WQP
INSTOR_WQX-8678,9805703820473270272,40.114240,-85.720357,WQP
INSTOR_WQX-6685,9805716911533588480,40.248333,-85.743333,WQP
INSTOR_WQX-18346,9805757456024862720,40.458910,-85.331608,WQP
INSTOR_WQX-18350,9805759792487071744,40.431613,-85.370273,WQP
INSTOR_WQX-18347,9805759861206548480,40.446986,-85.361864,WQP
INSTOR_WQX-18348,9805759964285763584,40.442206,-85.370120,WQP
INSTOR_WQX-18349,9805760170444193792,40.434980,-85.383609,WQP
INSTOR_WQX-17410,9805760239163670528,40.429833,-85.389247,WQP
INSTOR_WQX-8455,9805773158425296896,40.372500,-85.456389,WQP
INSTOR_WQX-7902,9805783019670208512,40.178889,-85.494722,WQP
INSTOR_WQX-18901,9805805044262502400,40.028769,-85.301313,WQP
INSTOR_WQX-9027,9805806109414391808,40.129722,-85.288333,WQP
INSTOR_WQX-18894,9805813496758140928,40.159671,-85.290048,WQP
INSTOR_WQX-7399,9805828202726162432,39.881389,-85.160833,WQP
INSTOR_WQX-6642,9805849059087351808,40.183011,-84.970755,WQP
INSTOR_WQX-7981,9805902247962345472,40.720556,-85.106667,WQP
INSTOR_WQX-7983,9805902419761037312,40.728611,-85.137222,WQP
INSTOR_WQX-8456,9805937157456527360,40.697778,-85.449722,WQP
INSTOR_WQX-10388,9805940902668009472,40.774445,-85.599444,WQP
INSTOR_WQX-5867,9805963889332977664,40.881389,-85.471389,WQP
INSTOR_WQX-14020,9805963992412192768,40.892875,-85.468706,WQP
INSTOR_WQX-2272,9805966363234140160,40.879722,-85.543056,WQP
INSTOR_WQX-18693,9805993644866404352,41.110214,-85.120924,WQP
INSTOR_WQX-6625,9805994881816985600,41.082778,-85.151111,WQP
INSTOR_WQX-18558,9806006873365676032,41.007697,-85.182578,WQP
INSTOR_WQX-18688,9806007869798088704,40.979335,-85.094989,WQP
INSTOR_WQX-18686,9806013539154919424,40.863224,-84.948789,WQP
INSTOR_WQX-2004,9806017902841692160,41.084445,-85.020556,WQP
INSTOR_WQX-18687,9806026492776284160,41.222612,-85.005724,WQP
INSTOR_WQX-18664,9806041989018288128,41.268801,-85.135091,WQP
INSTOR_WQX-18578,9806055114438344704,41.338723,-85.060606,WQP
INSTOR_WQX-18659,9806059031448518656,41.426188,-85.006598,WQP
INSTOR_WQX-9400,9806066865468866560,41.626806,-85.023600,WQP
INSTOR_WQX-18683,9806068652175261696,41.604665,-84.942423,WQP
INSTOR_WQX-7036,9806076726713778176,41.695278,-85.025556,WQP
INSTOR_WQX-18684,9806082292991393792,41.740687,-85.169739,WQP
INSTOR_WQX-18681,9806087275153457152,41.641128,-85.254549,WQP
INSTOR_WQX-18675,9806089061859852288,41.651346,-85.174279,WQP
INSTOR_WQX-18678,9806101122128019456,41.632036,-85.406516,WQP
INSTOR_WQX-18679,9806101637524094976,41.663129,-85.406012,WQP
INSTOR_WQX-18676,9806114659864936448,41.752171,-85.515024,WQP
INSTOR_WQX-6081,9806120397941243904,41.739722,-85.556389,WQP
INSTOR_WQX-18651,9806132733087318016,41.465868,-85.586626,WQP
INSTOR_WQX-18680,9806135310067695616,41.427739,-85.501942,WQP
INSTOR_WQX-6006,9806138333724672000,41.469600,-85.509706,WQP
INSTOR_WQX-17916,9806141529180340224,41.494051,-85.375640,WQP
INSTOR_WQX-8110,9806143109728305152,41.447500,-85.276389,WQP
INSTOR_WQX-8870,9806158777769000960,41.261944,-85.479722,WQP
INSTOR_WQX-8831,9806161457828593664,41.276389,-85.500833,WQP
INSTOR_WQX-9014,9806164344046616576,41.270833,-85.552500,WQP
INSTOR_WQX-8983,9806164481485570048,41.269445,-85.540556,WQP
INSTOR_WQX-8912,9806164859442692096,41.238333,-85.551389,WQP
INSTOR_WQX-18652,9806177572545888256,41.484056,-85.620301,WQP
INSTOR_WQX-18682,9806187468150538240,41.471353,-85.841475,WQP
INSTOR_WQX-19244,9806197432474664960,41.281490,-85.793650,WQP
INSTOR_WQX-8630,9806199528418705408,41.246667,-85.856667,WQP
INSTOR_WQX-7675,9806200009455042560,41.248420,-85.875267,WQP
INSTOR_WQX-8380,9806200765369286656,41.248056,-85.907222,WQP
OST_SHPD-NRSA0809-IN025,9806239179556782080,41.667370,-85.942000,WQP
INSTOR_WQX-10896,9806239385715212288,41.676465,-85.950893,WQP
OST_SHPD-NRS18_IN_10014,9806239420074950656,41.682610,-85.957490,WQP
INSTOR_WQX-18646,9806239935471026176,41.678538,-85.996827,WQP
OST_SHPD-NRSA0809-IN013,9806242134494281728,41.675270,-86.075860,WQP
INSTOR_WQX-7149,9806242306292973568,41.669167,-86.075000,WQP
INSTOR_WQX-18645,9806242581170880512,41.651904,-86.056191,WQP
INSTOR_WQX-18648,9806250964947042304,41.682050,-86.247380,WQP
INSTOR_WQX-18647,9806256874822041600,41.703677,-86.256482,WQP
INSTOR_WQX-18690,9806268076096749568,41.700800,-85.979220,WQP
INSTOR_WQX-6630,9806276288074219520,41.727778,-85.813889,WQP
OST_SHPD-NRS18_IN_10006,9806280205084393472,41.694650,-85.917400,WQP
OST_SHPD-NRSA0809-IN009,9806280205084393472,41.694650,-85.917400,WQP
OST_SHPD-NRSA1314-INR9-0903,9806280205084393472,41.694650,-85.917400,WQP
INSTOR_WQX-18689,9806282232308957184,41.631678,-85.901848,WQP
INSTOR_WQX-18653,9806285359045148672,41.547526,-85.837130,WQP
INSTOR_WQX-18649,9806289825811136512,41.674706,-85.699805,WQP
INSTOR_WQX-18650,9806301164524797952,41.709494,-85.726491,WQP
INSTOR_WQX-18662,9817156093070016512,41.517252,-84.870324,WQP
INSTOR_WQX-18671,9817277382946455552,41.312001,-84.886482,WQP
INSTOR_WQX-18692,9817281506115059712,41.169746,-84.818354,WQP
INSTOR_WQX-18674,9817292398152122368,41.149578,-84.829472,WQP
INSTOR_WQX-18665,9817319748503863296,40.818515,-84.907389,WQP
INSTOR_WQX-18685,9817324249629589504,40.746862,-84.823778,WQP
INSTOR_WQX-7919,9817807175752351744,40.293472,-84.824583,WQP
INSTOR_WQX-7914,9817808103465287680,40.266111,-84.833055,WQP
INSTOR_WQX-8386,9817809443495084032,40.224167,-84.821389,WQP
USGS-395248084491600,9817838992870080512,39.880167,-84.821111,WQP
INSTOR_WQX-12869,9817847617164410880,39.849722,-84.899722,WQP
INSTOR_WQX-7850,9817847892042317824,39.859444,-84.868611,WQP
INSTOR_WQX-7396,9817848888474730496,39.788333,-84.909167,WQP
INSTOR_WQX-7788,9818358890071326720,39.115278,-84.827222,WQP
IN002-390600084520012,9818364834306064384,39.096917,-84.861889,WQP
INSTOR_WQX-7157,9818364834306064384,39.095556,-84.861667,WQP
USGS-385053084485901,9818382701370015744,38.848306,-84.816556,WQP
OST_SHPD-NRSA0809-SC019,9823860811896979456,34.242660,-79.731930,WQP
OST_SHPD-NRS18_SC_10012,9824034362935476224,34.329880,-80.695110,WQP
OST_SHPD-NRS18_SC_10008,9824181560054644736,34.930190,-80.868400,WQP
OST_SHPD-NRSA1314-SCRM-1001,9824181560054644736,34.930190,-80.868400,WQP
OST_SHPD-NRSA0809-SC008,9824187607368597504,34.950630,-80.923190,WQP
OST_SHPD-NRSA1314-SCR9-0904,9824540241363468288,34.570480,-81.777450,WQP
OST_SHPD-NRS18_SC_10011,9824668609346011136,34.709690,-82.461050,WQP
OST_SHPD-NRSA0809-SC013,9824670670930313216,34.642990,-82.453970,WQP
OST_SHPD-NRS18_SC_10020,9824735129799491584,34.311430,-82.787390,WQP
USGS-343530086213801,9827422782894374912,34.591667,-86.360472,WQP
USGS-344407086273401,9827442471024459776,34.735194,-86.459361,WQP
USGS-344615086272201,9827443364377657344,34.770750,-86.456083,WQP
USGS-345539086241301,9827457761108033536,34.927500,-86.403472,WQP
USGS-345912086243901,9827470096254107648,34.986750,-86.410806,WQP
USGS-345822086254001,9827481881644367872,34.972722,-86.427917,WQP
USGS-345156086285901,9827483530911809536,34.865639,-86.483028,WQP
USGS-345112086313401,9827485901733756928,34.853444,-86.526167,WQP
USGS-345222086303301,9827486176611663872,34.872861,-86.509222,WQP
USGS-345247086415001,9827491708529541120,34.879833,-86.697139,WQP
USGS-344124086531401,9827525690310787072,34.690146,-86.887115,WQP
USGS-344348086493401,9827527270858752000,34.730055,-86.826111,WQP
USGS-343836086562901,9827566681478660096,34.643250,-86.941306,WQP
USGS-343919087182201,9827598395517173760,34.655278,-87.306222,WQP
USGS-343940087290601,9827613548161794048,34.661055,-87.484861,WQP
USGS-344036087320901,9827613823039700992,34.676639,-87.535778,WQP
USGS-344217087283601,9827615025630543872,34.704806,-87.476583,WQP
USGS-344127087212001,9827622894010630144,34.690945,-87.355667,WQP
USGS-344154087171201,9827624646357286912,34.698368,-87.286687,WQP
OST_SHPD-NRSA1314-ALR9-0901,9827683092272250880,34.950920,-87.042030,WQP
IN002-381200085530010,9829410734277132288,38.203000,-85.881972,WQP
USGS-380751085543601,9829412143026405376,38.130833,-85.910000,WQP
INSTOR_WQX-4541,9829448117672476672,38.201667,-86.144167,WQP
INSTOR_WQX-7164,9829508453373050880,38.317778,-85.789722,WQP
USGS-381834085401801,9829515290960986112,38.309444,-85.671667,WQP
USGS-384446085043201,9829686436817797120,38.746083,-85.075597,WQP
INSTOR_WQX-16858,9829728733655728128,38.888824,-85.480846,WQP
IN002-384400085240015,9829733818897006592,38.740333,-85.406167,WQP
INSTOR_WQX-11851,9829744882732761088,39.033536,-85.393089,WQP
INSTOR_WQX-19109,9829749349498748928,38.945491,-85.459823,WQP
INSTOR_WQX-16857,9829749899254562816,38.947797,-85.501005,WQP
INSTOR_WQX-12868,9829761959522729984,39.163333,-85.545000,WQP
INSTOR_WQX-7159,9829799652155719680,38.980833,-85.013611,WQP
USGS-392134084563200,9829812777575776256,39.359417,-84.942306,WQP
INSTOR_WQX-7397,9829828720494379008,39.449722,-85.148333,WQP
INSTOR_WQX-7413,9829845900363563008,39.605800,-84.970250,WQP
USGS-395149084592900,9829857342156439552,39.863722,-84.991444,WQP
USGS-395213085052200,9829859678618648576,39.870278,-85.089555,WQP
USGS-394745085051300,9829860331453677568,39.796000,-85.086944,WQP
USGS-395135085070000,9829865554133909504,39.859833,-85.116806,WQP
USGS-395135085070001,9829865554133909504,39.859806,-85.116806,WQP
INSTOR_WQX-19115,9829967877434769408,39.387096,-85.805560,WQP
INSTOR_WQX-2573,9829972653438402560,39.496389,-85.865278,WQP
INSTOR_WQX-18564,9829974955540873216,39.569303,-85.824578,WQP
INSTOR_WQX-19231,9829975333497995264,39.536329,-85.840690,WQP
INSTOR_WQX-19232,9829975402217472000,39.534003,-85.829821,WQP
INSTOR_WQX-18906,9830034741485633536,39.872929,-86.017289,WQP
INSTOR_WQX-18898,9830038692855545856,39.762990,-86.101671,WQP
INSTOR_WQX-6679,9830040926238539776,39.835391,-86.118151,WQP
INSTOR_WQX-6643,9830041132396969984,39.870190,-86.133930,WQP
INSTOR_WQX-6662,9830046526875893760,39.775556,-86.189167,WQP
INSTOR_WQX-2371,9830047214070661120,39.778251,-86.250667,WQP
INSTOR_WQX-18568,9830048004344643584,39.700471,-86.236185,WQP
INSTOR_WQX-6675,9830049310014701568,39.735983,-86.196438,WQP
INSTOR_WQX-18917,9830049722331561984,39.729374,-86.166572,WQP
INSTOR_WQX-18565,9830050134648422400,39.749404,-86.124293,WQP
INSTOR_WQX-18897,9830050134648422400,39.748424,-86.126394,WQP
INSTOR_WQX-18916,9830055357328654336,39.662366,-86.236192,WQP
INSTOR_WQX-2433,9830056319401328640,39.566866,-86.255148,WQP
INSTOR_WQX-18576,9830062813391880192,39.507131,-86.113075,WQP
INSTOR_WQX-19082,9830070338174582784,39.463152,-85.953539,WQP
INSTOR_WQX-18575,9830072605917315072,39.466922,-86.041579,WQP
INSTOR_WQX-18559,9830072880795222016,39.494087,-86.068362,WQP
INSTOR_WQX-7378,9830076144970366976,39.381945,-86.008055,WQP
INSTOR_WQX-16856,9830124557841727488,39.239071,-85.972555,WQP
INSTOR_WQX-19093,9830130124119343104,39.094784,-85.868439,WQP
INSTOR_WQX-7377,9830130158479081472,39.085278,-85.860278,WQP
INSTOR_WQX-7382,9830177712356982784,38.786667,-85.699445,WQP
INSTOR_WQX-19224,9830178605710180352,38.814430,-85.758178,WQP
INSTOR_WQX-17983,9830203138563375104,38.712520,-86.044220,WQP
INSTOR_WQX-7394,9830212553131687936,38.811111,-86.080278,WQP
OST_SHPD-NRS18_IN_10028,9830213927521222656,38.762520,-86.043190,WQP
INSTOR_WQX-19103,9830215061392588800,38.763196,-86.136917,WQP
INSTOR_WQX-19084,9830216779379507200,38.852976,-86.113770,WQP
INSTOR_WQX-9066,9830237807539388416,38.736945,-86.412222,WQP
INSTOR_WQX-7768,9830253028903485440,38.900694,-86.470972,WQP
INSTOR_WQX-7769,9830253475580084224,38.903333,-86.489028,WQP
INSTOR_WQX-2538,9830254609451450368,38.888438,-86.508611,WQP
INSTOR_WQX-7390,9830256774114967552,38.843333,-86.551389,WQP
OST_SHPD-NRSA0809-IN008,9830256911553921024,38.834910,-86.523260,WQP
OST_SHPD-NRSA1314-INR9-0902,9830256911553921024,38.834910,-86.523260,WQP
IN002-385000086310010,9830257117712351232,38.827139,-86.514555,WQP
INSTOR_WQX-10463,9830257117712351232,38.825833,-86.513055,WQP
USGS-383945086475901,9830277252519034880,38.662611,-86.799639,WQP
INSTOR_WQX-16855,9830281513126592512,38.716528,-86.864928,WQP
INSTOR_WQX-7755,9830284777301737472,38.756111,-86.757222,WQP
INSTOR_WQX-12873,9830298658636038144,38.804167,-86.642778,WQP
INSTOR_WQX-7758,9830298692995776512,38.795556,-86.649444,WQP
OST_SHPD-NRS18_IN_10015,9830326902340976640,39.261750,-86.798160,WQP
INSTOR_WQX-7794,9830332743496499200,39.168333,-86.662222,WQP
INSTOR_WQX-8661,9830333327612051456,39.178333,-86.642778,WQP
INSTOR_WQX-12896,9830337931816992768,39.243444,-86.555472,WQP
INSTOR_WQX-10516,9830339443645480960,39.237222,-86.527222,WQP
INSTOR_WQX-7388,9830346693550276608,39.073056,-86.569445,WQP
INSTOR_WQX-7389,9830348823854055424,39.018889,-86.543611,WQP
INSTOR_WQX-16693,9830350301322805248,38.977414,-86.506207,WQP
INSTOR_WQX-7773,9830350782359142400,39.004722,-86.508889,WQP
INSTOR_WQX-7392,9830350988517572608,39.009167,-86.476111,WQP
INSTOR_WQX-18512,9830386172889661440,39.380992,-86.501675,WQP
INSTOR_WQX-8680,9830386791364952064,39.369444,-86.576389,WQP
INSTOR_WQX-18905,9830390708375126016,39.458238,-86.441600,WQP
INSTOR_WQX-2426,9830403524557537280,39.499167,-86.355278,WQP
INSTOR_WQX-18567,9830409468792274944,39.675800,-86.335428,WQP
INSTOR_WQX-18907,9830413866838786048,39.753242,-86.418707,WQP
INSTOR_WQX-18574,9830414863271198720,39.740957,-86.311815,WQP
INSTOR_WQX-18566,9830415069429628928,39.730507,-86.323229,WQP
INSTOR_WQX-18903,9830416684337332224,39.756904,-86.267547,WQP
INSTOR_WQX-6676,9830418402324250624,39.826111,-86.304444,WQP
INSTOR_WQX-6670,9830501759049531392,39.282222,-86.591945,WQP
INSTOR_WQX-6666,9830505263742844928,39.280278,-86.761944,WQP
INSTOR_WQX-6671,9830548350854758400,39.586667,-86.939445,WQP
INSTOR_WQX-18899,9830556494112751616,39.726803,-86.930851,WQP
INSTOR_WQX-7834,9830578656143998976,39.722500,-87.070833,WQP
INSTOR_WQX-4414,9830585012695597056,39.663914,-87.256194,WQP
INSTOR_WQX-7835,9830588620468125696,39.733972,-87.329417,WQP
INSTOR_WQX-7849,9830599924822048768,39.855556,-87.333056,WQP
INSTOR_WQX-18186,9830603326436147200,39.849736,-87.416949,WQP
INSTOR_WQX-18187,9830603979271176192,39.886665,-87.408945,WQP
INSTOR_WQX-10490,9830604254149083136,39.906389,-87.387778,WQP
INSTOR_WQX-8917,9830621640176697344,39.512222,-87.507500,WQP
INSTOR_WQX-20099,9830624629473935360,39.493863,-87.411200,WQP
INSTOR_WQX-7807,9830624766912888832,39.475278,-87.420000,WQP
INSTOR_WQX-7817,9830625728985563136,39.542500,-87.386389,WQP
INSTOR_WQX-18188,9830634799956492288,39.481212,-87.330089,WQP
INSTOR_WQX-5517,9830647891016810496,39.383288,-87.419962,WQP
INSTOR_WQX-20095,9830649402845298688,39.397326,-87.451561,WQP
INSTOR_WQX-18019,9830665070885994496,39.081476,-87.527558,WQP
INSTOR_WQX-8322,9830665173965209600,39.060556,-87.530555,WQP
INSTOR_WQX-18033,9830665414483378176,39.044233,-87.526408,WQP
INSTOR_WQX-7787,9830672011553144832,39.104445,-87.377500,WQP
INSTOR_WQX-12021,9830678093226835968,39.000833,-87.244167,WQP
INSTOR_WQX-11825,9830709326229012480,39.111944,-86.962778,WQP
INSTOR_WQX-6668,9830732347253719040,38.900000,-87.103611,WQP
INSTOR_WQX-9095,9830745644472467456,38.721944,-86.923611,WQP
INSTOR_WQX-10317,9830794194782781440,38.698889,-87.519167,WQP
INSTOR_WQX-20100,9830794607099641856,38.662954,-87.521160,WQP
INSTOR_WQX-6641,9830808488433942528,38.511944,-87.287778,WQP
INSTOR_WQX-18900,9830810034622169088,38.484120,-87.261900,WQP
INSTOR_WQX-6653,9830903080793669632,38.387500,-86.927778,WQP
INSTOR_WQX-12745,9830908612711546880,38.297550,-86.982636,WQP
INSTOR_WQX-6654,9830914556946284544,38.380000,-87.217222,WQP
INSTOR_WQX-7393,9830929159835090944,38.541667,-87.061389,WQP
INSTOR_WQX-7372,9830929434712997888,38.511944,-87.037778,WQP
INSTOR_WQX-2627,9830931874254422016,38.502500,-86.976389,WQP
OST_SHPD-NRS18_IN_10027,9830937612330729472,38.574080,-86.853030,WQP
INSTOR_WQX-15185,9830954070645407744,38.435556,-86.680556,WQP
INSTOR_WQX-19083,9830968158138138624,38.586388,-86.702576,WQP
INSTOR_WQX-6658,9830973586976800768,38.481389,-86.566944,WQP
IN002-381100086200016,9831019319788568576,38.185583,-86.331333,WQP
INSTOR_WQX-7163,9831072611742777344,38.012500,-86.795000,WQP
USGS-375327087030301,9831267397099585536,37.893444,-87.050000,WQP
USGS-375357087104401,9831276261912084480,37.899250,-87.182278,WQP
IN002-375700087260016,9831308697505103872,37.947306,-87.426361,WQP
INSTOR_WQX-7728,9831444933867732992,37.818056,-87.953611,WQP
OST_SHPD-NRS18_IN_10032,9831450397066133504,37.895160,-88.095510,WQP
USGS-375417089064701,9831450637584302080,37.904768,-88.113090,WQP
USGS-374152088080201,9831462594773254144,37.697816,-88.133734,WQP
USGS-372525088204002,9831528290593013760,37.423663,-88.344482,WQP
USGS-374447088135701,9831629411303030784,37.746500,-88.232528,WQP
INSTOR_WQX-2350,9831843987869138944,38.131250,-87.942222,WQP
OST_SHPD-NRS18_IN_10007,9831889274004307968,38.451780,-87.598000,WQP
OST_SHPD-NRSA1314-INR9-0904,9831889274004307968,38.451780,-87.598000,WQP
INSTOR_WQX-6655,9831902399424364544,38.395333,-87.728722,WQP
INSTOR_WQX-8340,9831918101824798720,38.490000,-87.555278,WQP
OST_SHPD-NRSA1314-INR9-0901,9831923083986862080,38.642790,-87.614380,WQP
INSTOR_WQX-7800,9832059526507921408,39.284167,-87.609167,WQP
OST_SHPD-NRS18_IL_10022,9833001464375541760,38.723840,-89.492600,WQP
OST_SHPD-NRS18_IL_10044,9833094338748350464,37.986480,-89.947330,WQP
OST_SHPD-NRS18_MO_10025,9833562799421259776,37.963010,-89.982390,WQP
OST_SHPD-NRS18_MO_10042,9833562799421259776,37.962440,-89.984430,WQP
USGS-07022000,9833658113335492608,37.220250,-89.463167,WQP
OST_SHPD-NRS18_MO_10024,9833658250774446080,37.198930,-89.461550,WQP
OST_SHPD-NRS18_IL_10036,9834120217456803840,37.138760,-89.267800,WQP
USGS-371052089052501,9834145678022934528,37.181163,-89.090350,WQP
USGS-371159088503101,9834165263073804288,37.199776,-88.842004,WQP
USGS-370913088441201,9834176086391390208,37.153666,-88.736720,WQP
OST_SHPD-NRS18_IL_10037,9834184779405197312,37.261990,-88.514060,WQP
OST_SHPD-NRSA1314-ARR9-0901,9835682314242228224,35.625980,-89.879330,WQP
OST_SHPD-NRS18_AL_10017,9837314230016016384,31.741660,-88.095600,WQP
OST_SHPD-NRSA1314-ALR9-0906,9837317562910638080,31.687400,-88.052130,WQP
USGS-325201087550701,9837483657885908992,32.866806,-87.918639,WQP
USGS-324340087350501,9837538221150437376,32.727917,-87.584722,WQP
USGS-325726087355201,9837542962794332160,32.957625,-87.595285,WQP
USGS-325349087405901,9837544646421512192,32.896944,-87.683011,WQP
USGS-330712087334701,9837552343002906624,33.120111,-87.563055,WQP
USGS-332630087430001,9837617763944759296,33.442611,-87.714722,WQP
USGS-334537088062301,9837643602468012032,33.760278,-88.108889,WQP
USGS-333353088043201,9837649615422226432,33.562231,-88.077389,WQP
USGS-332417087581901,9837666760931672064,33.404833,-87.971972,WQP
USGS-330632087575201,9837681260741263360,33.109000,-87.964472,WQP
USGS-330731088101601,9837691843540680704,33.125200,-88.171000,WQP
USGS-332624088152701,9837817909420752896,33.440111,-88.257528,WQP
USGS-335332088074901,9838018398494130176,33.892333,-88.130305,WQP
USGS-335226087533701,9838032554706337792,33.874000,-87.893639,WQP
OST_SHPD-NRSA0809-AL035,9838297914965753856,33.243120,-87.503780,WQP
OST_SHPD-NRS18_AL_10016,9838377457760075776,33.584830,-87.095720,WQP
USGS-333924086352901,9838408759481729024,33.656769,-86.591376,WQP
OST_SHPD-NRS18_AL_10007,9838421335145971712,33.412810,-86.751900,WQP
OST_SHPD-NRSA1314-ALR9-0904,9838421335145971712,33.412810,-86.751900,WQP
USGS-332833086203001,9838504829310205952,33.475940,-86.341645,WQP
USGS-334821086090001,9838724972153929728,33.805833,-86.150000,WQP
USGS-333642086065001,9839188485024514048,33.611770,-86.113862,WQP
USGS-323347086054901,9839279607050665984,32.563194,-86.096917,WQP
USGS-323315086032801,9839304655299936256,32.554306,-86.057750,WQP
USGS-322658085465001,9839327160928567296,32.449306,-85.779667,WQP
USGS-322838085383201,9839336266259234816,32.477106,-85.642053,WQP
OST_SHPD-NRSA1314-ALR9-0902,9839338671440920576,32.485940,-85.720310,WQP
OST_SHPD-NRSA0809-AL025,9839470853354422272,32.433290,-84.966990,WQP
USGS-321358085422101,9839710272011370496,32.232917,-85.705778,WQP
USGS-325159086423801,9840030401693745152,32.866500,-86.710528,WQP
USGS-324453086505001,9840047169246068736,32.747881,-86.847394,WQP
USGS-323908086360201,9840060157227171840,32.651861,-86.600695,WQP
USGS-323134086584501,9840115167168299008,32.526111,-86.979167,WQP
USGS-325627087043401,9840138600509865984,32.940957,-87.076105,WQP
OST_SHPD-NRSA1314-ALRM-1001,9840264013554909184,32.228690,-87.148280,WQP
OST_SHPD-NRSA0809-SC015,9869686635476549632,33.611090,-82.162430,WQP
USGS-323408080411009,9870770650862321664,32.569074,-80.685939,WQP
USGS-323837080151209,9870809511726415872,32.643792,-80.253154,WQP
USGS-323116080195808,9870829577813622784,32.521298,-80.332600,WQP
USGS-331154079281309,9871372289881145344,33.198501,-79.470063,WQP
USGS-330224079334709,9871394692430561280,33.040170,-79.562847,WQP
OST_SHPD-NRS18_SC_10005,9871705201386192896,34.126220,-80.650320,WQP
OST_SHPD-NRSA1314-SCR9-0903,9871705201386192896,34.126220,-80.650310,WQP
OST_SHPD-NRSA1314-SCR9-0902,9871886998761897984,33.909090,-79.440300,WQP
OST_SHPD-NRSA0809-SC026,9871945032360001536,33.447690,-79.172170,WQP
OST_SHPD-NRSA0809-SC014,9871953313056948224,33.561710,-79.086790,WQP
OST_SHPD-NRSA1314-SCR9-0901,9872026396220456960,33.883910,-78.784740,WQP
USGS-01362147,9934245800731213824,42.106819,-73.482547,WQP
USGS-01331393,9935138913410613248,42.600575,-73.138150,WQP
USGS-01332500,9935145201242734592,42.700257,-73.158972,WQP
USGS-01168305,9935169081260900352,42.636281,-72.934350,WQP
OST_SHPD-NRS18_NH_10020,9935228798486183936,42.954750,-72.530910,WQP
OST_SHPD-NRS18_VT_10002,9935250685639524352,42.793370,-72.524770,WQP
OST_SHPD-NRSA1314-VTR9-0901,9935250685639524352,42.793370,-72.524770,WQP
OST_SHPD-NRSA0809-NH016,9935251132316123136,42.849320,-72.553090,WQP
OST_SHPD-NRSA0809-MA021,9935263501821935616,42.601910,-72.571330,WQP
USGS-01170150,9935264601333563392,42.647029,-72.620368,WQP
USGS-01170006,9935270511208562688,42.526753,-72.632590,WQP
OST_SHPD-NRS18_MA_10004,9935273981542137856,42.578360,-72.569570,WQP
OST_SHPD-NRSA0809-MA005,9935273981542137856,42.578360,-72.569580,WQP
OST_SHPD-NRSA1314-MAR9-0903,9935273981542137856,42.578360,-72.569580,WQP
USGS-01166630,9935275081053765632,42.580186,-72.496861,WQP
OST_SHPD-NRS18_MA_10006,9935287691077746688,42.654480,-72.465140,WQP
OST_SHPD-NRSA1314-MARM-1001,9935287691077746688,42.654480,-72.465140,WQP
USGS-01163950,9935296143573385216,42.628561,-72.144247,WQP
USGS-01164080,9935296452811030528,42.623420,-72.180360,WQP
OST_SHPD-NRSA1314-NHR9-0902,9935406026016686080,43.068070,-72.448700,WQP
OST_SHPD-NRSA0809-NH011,9935434372800839680,43.351180,-72.393440,WQP
OST_SHPD-NRSA1314-NHR9-0905,9935434372800839680,43.351180,-72.393440,WQP
OST_SHPD-NRSA0809-NH017,9935437465177292800,43.430300,-72.395010,WQP
OST_SHPD-NRSA0809-NH018,9935526113302282240,43.256040,-71.622500,WQP
USGS-431650071492201,9935531335982514176,43.280705,-71.822792,WQP
USGS-430850071290301,9935575763124224000,43.147108,-71.483944,WQP
OST_SHPD-NRS18_NH_10005,9935620808741224448,43.193170,-71.523500,WQP
OST_SHPD-NRSA0809-NH010,9935620808741224448,43.193170,-71.523510,WQP
OST_SHPD-NRSA1314-NHR9-0904,9935620808741224448,43.193170,-71.523510,WQP
USGS-432132071274801,9935628642761572352,43.358903,-71.461581,WQP
samplePoint.149575,9935671248837148672,43.253946,-70.842614,EGAD
samplePoint.65574,9935671317556625408,43.243362,-70.828899,EGAD
samplePoint.140012,9935677433590054912,43.375697,-70.914561,EGAD
samplePoint.148547,9935680663405461504,43.332315,-70.751298,EGAD
samplePoint.150536,9935680903923630080,43.311751,-70.734186,EGAD
samplePoint.50552,9935680938283368448,43.310974,-70.727602,EGAD
samplePoint.50553,9935680938283368448,43.310963,-70.727280,EGAD
samplePoint.50556,9935680938283368448,43.310960,-70.727136,EGAD
samplePoint.50561,9935680938283368448,43.310681,-70.727213,EGAD
samplePoint.50562,9935680938283368448,43.310963,-70.727295,EGAD
samplePoint.51608,9935680938283368448,43.310645,-70.727277,EGAD
samplePoint.65477,9935681007002845184,43.298954,-70.738147,EGAD
samplePoint.150739,9935681041362583552,43.293685,-70.738374,EGAD
samplePoint.140224,9935682553191071744,43.225374,-70.808404,EGAD
samplePoint.150000,9935682553191071744,43.225274,-70.808860,EGAD
samplePoint.135744,9935685370689617920,43.190068,-70.647076,EGAD
samplePoint.136913,9935688806663454720,43.287874,-70.583012,EGAD
samplePoint.146618,9935689184620576768,43.262379,-70.612529,EGAD
samplePoint.151412,9935689184620576768,43.261139,-70.614984,EGAD
samplePoint.153389,9935689184620576768,43.262790,-70.611922,EGAD
samplePoint.153390,9935689184620576768,43.262942,-70.612129,EGAD
samplePoint.153391,9935689184620576768,43.262864,-70.611924,EGAD
samplePoint.153393,9935689184620576768,43.262860,-70.612203,EGAD
samplePoint.153394,9935689184620576768,43.262888,-70.612009,EGAD
samplePoint.153395,9935689184620576768,43.262812,-70.612109,EGAD
samplePoint.137231,9935689287699791872,43.265372,-70.588974,EGAD
samplePoint.149574,9935689390779006976,43.264778,-70.580286,EGAD
samplePoint.150334,9935690284132204544,43.286941,-70.567621,EGAD
samplePoint.146452,9935690455930896384,43.318865,-70.567582,EGAD
samplePoint.150407,9935696640683802624,43.219604,-70.606049,EGAD
samplePoint.150408,9935696640683802624,43.219695,-70.604928,EGAD
samplePoint.142817,9935697121720139776,43.181824,-70.606966,EGAD
samplePoint.149581,9935697156079878144,43.187049,-70.601758,EGAD
samplePoint.142816,9935708529153277952,43.137721,-70.647395,EGAD
samplePoint.142819,9935709319427260416,43.153175,-70.658508,EGAD
samplePoint.135763,9935709388146737152,43.162558,-70.692166,EGAD
samplePoint.154991,9935710659457056768,43.144906,-70.753632,EGAD
samplePoint.154994,9935710659457056768,43.144969,-70.753974,EGAD
samplePoint.154995,9935710659457056768,43.148414,-70.756592,EGAD
samplePoint.154996,9935710762536271872,43.154094,-70.755911,EGAD
samplePoint.154997,9935710762536271872,43.153930,-70.756569,EGAD
MEDEP_WQX-110404,9935712755401097216,43.121017,-70.804833,WQP
MEDEP_WQX-110405,9935712755401097216,43.121017,-70.804833,WQP
MEDEP_WQX-110406,9935712755401097216,43.121017,-70.804833,WQP
MEDEP_WQX-110407,9935712755401097216,43.121017,-70.804833,WQP
samplePoint.110404,9935712892840050688,43.115689,-70.798030,EGAD
samplePoint.110405,9935712892840050688,43.115489,-70.798131,EGAD
samplePoint.110406,9935712892840050688,43.115239,-70.798241,EGAD
samplePoint.110407,9935712892840050688,43.114989,-70.798421,EGAD
samplePoint.146503,9935713202077696000,43.121723,-70.757305,EGAD
samplePoint.146507,9935713202077696000,43.121920,-70.759037,EGAD
samplePoint.146510,9935713202077696000,43.122236,-70.758689,EGAD
samplePoint.146511,9935713202077696000,43.122213,-70.755807,EGAD
samplePoint.146587,9935713202077696000,43.121462,-70.757803,EGAD
samplePoint.147099,9935713202077696000,43.121269,-70.758294,EGAD
samplePoint.148032,9935713202077696000,43.124984,-70.758264,EGAD
samplePoint.148033,9935713202077696000,43.124858,-70.759067,EGAD
samplePoint.148034,9935713202077696000,43.123783,-70.759248,EGAD
samplePoint.148035,9935713202077696000,43.126566,-70.753879,EGAD
samplePoint.148036,9935713202077696000,43.126319,-70.756555,EGAD
samplePoint.148037,9935713202077696000,43.125140,-70.759768,EGAD
samplePoint.148038,9935713202077696000,43.124868,-70.757033,EGAD
samplePoint.148039,9935713202077696000,43.124820,-70.760070,EGAD
samplePoint.148040,9935713202077696000,43.124251,-70.760461,EGAD
samplePoint.148041,9935713202077696000,43.124659,-70.759941,EGAD
samplePoint.148042,9935713202077696000,43.124364,-70.759596,EGAD
samplePoint.148043,9935713202077696000,43.124082,-70.759370,EGAD
samplePoint.148044,9935713202077696000,43.123568,-70.759098,EGAD
samplePoint.148163,9935713202077696000,43.123600,-70.758566,EGAD
samplePoint.148164,9935713202077696000,43.122495,-70.760217,EGAD
samplePoint.148681,9935713202077696000,43.121378,-70.759983,EGAD
samplePoint.145803,9935713270797172736,43.119471,-70.750964,EGAD
samplePoint.146084,9935713270797172736,43.116249,-70.749931,EGAD
samplePoint.146085,9935713270797172736,43.116353,-70.750323,EGAD
samplePoint.146086,9935713270797172736,43.116783,-70.750852,EGAD
samplePoint.146087,9935713270797172736,43.117147,-70.750912,EGAD
samplePoint.146504,9935713270797172736,43.116660,-70.744394,EGAD
samplePoint.146505,9935713270797172736,43.118216,-70.743725,EGAD
samplePoint.146506,9935713270797172736,43.117305,-70.744847,EGAD
samplePoint.146508,9935713270797172736,43.117784,-70.745226,EGAD
samplePoint.146509,9935713270797172736,43.117212,-70.745638,EGAD
samplePoint.146512,9935713270797172736,43.114772,-70.747378,EGAD
samplePoint.145635,9935713305156911104,43.119915,-70.750176,EGAD
samplePoint.145636,9935713305156911104,43.119915,-70.750176,EGAD
samplePoint.145804,9935713305156911104,43.119733,-70.750572,EGAD
samplePoint.145805,9935713305156911104,43.121120,-70.751755,EGAD
samplePoint.146088,9935713305156911104,43.124188,-70.747806,EGAD
samplePoint.146599,9935713305156911104,43.122031,-70.742443,EGAD
samplePoint.146898,9935713305156911104,43.120342,-70.741675,EGAD
samplePoint.146899,9935713305156911104,43.121026,-70.741919,EGAD
samplePoint.146900,9935713305156911104,43.118662,-70.743316,EGAD
samplePoint.149579,9935713751833509888,43.089207,-70.760338,EGAD
samplePoint.150535,9935713854912724992,43.084354,-70.740889,EGAD
samplePoint.140099,9935713889272463360,43.081437,-70.737440,EGAD
samplePoint.140100,9935713889272463360,43.081519,-70.737529,EGAD
samplePoint.140101,9935713889272463360,43.081624,-70.737737,EGAD
samplePoint.140102,9935713889272463360,43.083904,-70.736169,EGAD
samplePoint.140103,9935713889272463360,43.083812,-70.736077,EGAD
samplePoint.140104,9935713889272463360,43.083559,-70.736077,EGAD
samplePoint.140115,9935713923632201728,43.080607,-70.725092,EGAD
samplePoint.140116,9935713923632201728,43.080252,-70.725712,EGAD
samplePoint.140117,9935713923632201728,43.081448,-70.726220,EGAD
samplePoint.140128,9935713923632201728,43.080607,-70.725092,EGAD
samplePoint.140129,9935713923632201728,43.080925,-70.725628,EGAD
samplePoint.52867,9935713923632201728,43.080781,-70.725035,EGAD
samplePoint.52879,9935713923632201728,43.080594,-70.725460,EGAD
samplePoint.52880,9935713923632201728,43.080945,-70.725672,EGAD
samplePoint.52881,9935713923632201728,43.081273,-70.725609,EGAD
samplePoint.54696,9935713923632201728,43.081504,-70.725206,EGAD
samplePoint.54698,9935713923632201728,43.080596,-70.726582,EGAD
samplePoint.63730,9935713923632201728,43.078223,-70.728290,EGAD
samplePoint.63731,9935713923632201728,43.079219,-70.727056,EGAD
samplePoint.63732,9935713923632201728,43.081446,-70.727651,EGAD
samplePoint.63733,9935713923632201728,43.081379,-70.726838,EGAD
samplePoint.73762,9935713923632201728,43.080847,-70.726181,EGAD
samplePoint.140105,9935713992351678464,43.076689,-70.736009,EGAD
samplePoint.140106,9935713992351678464,43.076495,-70.735830,EGAD
samplePoint.140107,9935713992351678464,43.076496,-70.736073,EGAD
samplePoint.140108,9935713992351678464,43.076181,-70.737100,EGAD
samplePoint.140109,9935713992351678464,43.075642,-70.736476,EGAD
samplePoint.140110,9935713992351678464,43.076980,-70.729565,EGAD
samplePoint.140111,9935713992351678464,43.076988,-70.729385,EGAD
samplePoint.140112,9935713992351678464,43.076927,-70.729068,EGAD
samplePoint.140113,9935713992351678464,43.077565,-70.729789,EGAD
samplePoint.140114,9935713992351678464,43.077517,-70.729175,EGAD
samplePoint.140130,9935713992351678464,43.077000,-70.729577,EGAD
samplePoint.140131,9935713992351678464,43.077085,-70.729461,EGAD
samplePoint.140132,9935713992351678464,43.077607,-70.729758,EGAD
samplePoint.140133,9935713992351678464,43.077500,-70.729897,EGAD
samplePoint.142555,9935714610826969088,43.097323,-70.794770,EGAD
samplePoint.142558,9935714610826969088,43.097298,-70.794710,EGAD
OST_SHPD-NRSA0809-MA007,9935752990654726144,42.813810,-71.001000,WQP
OST_SHPD-NRS18_NH_10019,9935755155318243328,42.877610,-70.991770,WQP
USGS-425400070545401,9935756426628562944,42.898319,-70.914364,WQP
USGS-425311070535801,9935757182542807040,42.886667,-70.899167,WQP
samplePoint.142807,9935758178975219712,42.866841,-70.834065,EGAD
USGS-425651070573701,9935767078147457024,42.946731,-70.960533,WQP
OST_SHPD-NRSA0809-MA023,9935789411977396224,42.765530,-71.093510,WQP
USGS-011006712,9935789411977396224,42.770483,-71.086911,WQP
USGS-424258071074805,9935792813591494656,42.716247,-71.130050,WQP
OST_SHPD-NRSA0809-MA019,9935792882310971392,42.710300,-71.133990,WQP
USGS-01100500,9935793638225215488,42.704833,-71.153139,WQP
USGS-01100475,9935793913103122432,42.692917,-71.176611,WQP
USGS-423548071074901,9935795528010825728,42.596553,-71.130303,WQP
USGS-423247071031301,9935798757826232320,42.546267,-71.053645,WQP
samplePoint.142698,9935807485199777792,42.528463,-70.875934,EGAD
USGS-423927070530501,9935813360715038720,42.657422,-70.884600,WQP
USGS-424012070581101,9935814769464311808,42.670061,-70.969600,WQP
USGS-423713070481301,9935823325039165440,42.620506,-70.803250,WQP
USGS-421744071115201,9935928122241187840,42.295664,-71.197725,WQP
USGS-422029071223701,9935932485927960576,42.341703,-71.378067,WQP
USGS-01098704,9935939186076942336,42.352039,-71.494786,WQP
USGS-01098705,9935939186076942336,42.350927,-71.490897,WQP
USGS-01096876,9935940285588570112,42.404408,-71.525969,WQP
USGS-01096870,9935940354308046848,42.399815,-71.545899,WQP
USGS-01097026,9935943859001360384,42.440689,-71.429194,WQP
USGS-422651071242601,9935943927720837120,42.447503,-71.407172,WQP
USGS-01097050,9935944202598744064,42.456362,-71.390027,WQP
USGS-01097390,9935944202598744064,42.465649,-71.391728,WQP
USGS-01097000,9935945473909063680,42.432038,-71.449785,WQP
USGS-423033071185001,9935953548447580160,42.509167,-71.313889,WQP
USGS-01098880,9935954785398161408,42.466536,-71.355739,WQP
USGS-423108071143201,9935960523474468864,42.518789,-71.242119,WQP
USGS-423523071120801,9935961829144526848,42.589700,-71.202322,WQP
USGS-011006065,9935961863504265216,42.594675,-71.195122,WQP
USGS-423502071133001,9935962138382172160,42.583972,-71.224906,WQP
samplePoint.142691,9935962619418509312,42.600907,-71.285288,EGAD
USGS-423506071171401,9935962756857462784,42.585000,-71.287222,WQP
USGS-01099000,9935965539996270592,42.627869,-71.298115,WQP
samplePoint.142693,9935965677435224064,42.647017,-71.289987,EGAD
USGS-01100000,9935965677435224064,42.645925,-71.298394,WQP
OST_SHPD-NRSA0809-MA003,9935970384719380480,42.700640,-71.217980,WQP
OST_SHPD-NRSA1314-MAR9-0902,9935970384719380480,42.700640,-71.217980,WQP
samplePoint.142695,9935988217423593472,42.675365,-71.564500,EGAD
USGS-010965042,9935988251783331840,42.672972,-71.563156,WQP
USGS-010965043,9935988320502808576,42.675856,-71.559764,WQP
USGS-424228071290201,9935989213856006144,42.707925,-71.483820,WQP
OST_SHPD-NRS18_NH_10010,9936019759663415296,42.952690,-71.942060,WQP
USGS-425341071565001,9936020446858182656,42.895022,-71.946333,WQP
USGS-423336071520201,9936035874380709888,42.559967,-71.867356,WQP
USGS-423206071505601,9936036389776785408,42.534939,-71.849028,WQP
USGS-423447071472501,9936038417001349120,42.579822,-71.790267,WQP
USGS-423335071453801,9936040993981726720,42.559667,-71.760428,WQP
USGS-01094445,9936041028341465088,42.549508,-71.750858,WQP
USGS-423220071425501,9936041200140156928,42.539039,-71.715211,WQP
USGS-01095920,9936043089925767168,42.578424,-71.609235,WQP
USGS-01095862,9936043605321842688,42.555197,-71.611003,WQP
USGS-423327071364101,9936043605321842688,42.557622,-71.611042,WQP
USGS-423148071423701,9936047797209923584,42.529900,-71.710300,WQP
USGS-01094465,9936048072087830528,42.519617,-71.727339,WQP
USGS-01094455,9936048243886522368,42.525924,-71.736738,WQP
USGS-01094450,9936048312605999104,42.542313,-71.745905,WQP
USGS-423008071442701,9936048656203382784,42.502119,-71.740950,WQP
USGS-01095505,9936050820866899968,42.429167,-71.680278,WQP
USGS-01095506,9936050820866899968,42.432694,-71.680058,WQP
USGS-01096720,9936054531718643712,42.341482,-71.615900,WQP
USGS-01096725,9936054531718643712,42.345206,-71.614267,WQP
USGS-01094950,9936061197507887104,42.446758,-71.818128,WQP
USGS-01109660,9936072845459193856,42.207872,-71.781460,WQP
USGS-01109650,9936073017257885696,42.227853,-71.787653,WQP
USGS-01096603,9936078136858902528,42.279538,-71.638123,WQP
USGS-421700071381901,9936078136858902528,42.283333,-71.638611,WQP
USGS-421655071360301,9936078343017332736,42.281900,-71.600869,WQP
USGS-01111150,9936081641552216064,42.157040,-71.622288,WQP
USGS-01111148,9936081675911954432,42.167318,-71.627289,WQP
USGS-414541071143501,9936162833613979648,41.761475,-71.243058,WQP
USGS-420013071161501,9936173725651042304,42.003592,-71.270983,WQP
USGS-420434071225001,9936178158057291776,42.076086,-71.380130,WQP
USGS-01103138,9936187125949005824,42.119908,-71.507000,WQP
USGS-01103139,9936187125949005824,42.116950,-71.501358,WQP
USGS-01103280,9936190355764412416,42.139820,-71.389503,WQP
USGS-420644071260701,9936191833233162240,42.112383,-71.435375,WQP
USGS-01103305,9936201419600166912,42.133153,-71.362280,WQP
USGS-01106438,9936213239350165504,42.053631,-71.009803,WQP
USGS-420248071001501,9936213273709903872,42.046667,-71.004167,WQP
USGS-420313071035001,9936213514228072448,42.053722,-71.063964,WQP
USGS-420320071053501,9936213995264409600,42.055655,-71.092548,WQP
USGS-420113071072201,9936217190720077824,42.020403,-71.122789,WQP
USGS-01109048,9936219389743333376,41.933303,-71.154267,WQP
USGS-01109043,9936219458462810112,41.946758,-71.160411,WQP
USGS-415600071022501,9936222447760048128,41.933369,-71.040347,WQP
USGS-01107100,9936225333978071040,41.997045,-70.972543,WQP
USGS-01107102,9936226089892315136,41.997539,-70.953675,WQP
OST_SHPD-NRS18_MA_10002,9936226399129960448,41.961790,-70.919790,WQP
OST_SHPD-NRSA1314-MAR9-0901,9936226399129960448,41.961790,-70.919780,WQP
USGS-01107190,9936226433489698816,41.963157,-70.912263,WQP
USGS-01108050,9936226674007867392,41.958811,-70.958792,WQP
USGS-01108055,9936227361202634752,41.948906,-70.968575,WQP
USGS-01107798,9936228838671384576,41.907008,-70.913628,WQP
USGS-01107799,9936228941750599680,41.921878,-70.923361,WQP
USGS-01107200,9936229250988244992,41.947324,-70.936430,WQP
USGS-415609070550401,9936229354067460096,41.935928,-70.917817,WQP
USGS-415630070545801,9936229388427198464,41.941800,-70.915995,WQP
USGS-415656070535601,9936232343364698112,41.949033,-70.906308,WQP
USGS-420145070541401,9936235985496965120,42.029036,-70.903869,WQP
USGS-01106444,9936236707051470848,42.038122,-70.983997,WQP
USGS-420353070591401,9936236947569639424,42.064794,-70.987253,WQP
USGS-420910070530901,9936240486622691328,42.152694,-70.885778,WQP
USGS-420607070515501,9936241345616150528,42.102183,-70.865339,WQP
USGS-420937070513001,9936242410768039936,42.160250,-70.858306,WQP
USGS-420634070444201,9936243578999144448,42.109336,-70.745294,WQP
USGS-420239070472201,9936245228266586112,42.044219,-70.789539,WQP
USGS-420134070432301,9936246430857428992,42.026158,-70.723150,WQP
USGS-420042070425401,9936247667808010240,42.011733,-70.715092,WQP
USGS-415538070394802,9936271513466437632,41.927542,-70.662900,WQP
USGS-415541070443001,9936273643770216448,41.928161,-70.741631,WQP
USGS-415910070445702,9936274262245507072,41.985408,-70.749164,WQP
USGS-415423070442901,9936276220750594048,41.906522,-70.741522,WQP
USGS-415317070434501,9936276426909024256,41.888039,-70.729130,WQP
USGS-414604070381402,9936284638886494208,41.766206,-70.636636,WQP
USGS-413735070320702,9936297077111783424,41.626628,-70.534670,WQP
USGS-413735070320711,9936297077111783424,41.626628,-70.534670,WQP
USGS-413736070320701,9936297077111783424,41.626806,-70.534768,WQP
USGS-413832070324303,9936297455068905472,41.642528,-70.544662,WQP
USGS-413832070324309,9936297455068905472,41.642566,-70.544671,WQP
USGS-413833070323801,9936297455068905472,41.642494,-70.543265,WQP
USGS-413833070323802,9936297455068905472,41.642494,-70.543265,WQP
USGS-413833070324101,9936297455068905472,41.642536,-70.544198,WQP
USGS-413833070324102,9936297455068905472,41.642536,-70.544198,WQP
USGS-413833070324103,9936297455068905472,41.642536,-70.544198,WQP
USGS-413833070324104,9936297455068905472,41.642536,-70.544198,WQP
USGS-413837070324303,9936297455068905472,41.643658,-70.544832,WQP
USGS-413837070324304,9936297455068905472,41.643630,-70.544848,WQP
USGS-01105883635,9936297626867597312,41.636664,-70.508125,WQP
USGS-011058836354,9936297626867597312,41.637300,-70.507192,WQP
USGS-01105883636,9936297626867597312,41.636459,-70.506972,WQP
USGS-413811070303801,9936297626867597312,41.636542,-70.510082,WQP
USGS-413813070303101,9936297626867597312,41.637031,-70.508641,WQP
USGS-413813070303801,9936297626867597312,41.636953,-70.510174,WQP
USGS-413813070304401,9936297626867597312,41.637019,-70.511916,WQP
USGS-413813070304402,9936297626867597312,41.637019,-70.511916,WQP
USGS-413813070304403,9936297626867597312,41.636983,-70.511919,WQP
USGS-413813070304404,9936297626867597312,41.636986,-70.511919,WQP
USGS-413814070303801,9936297626867597312,41.637203,-70.510061,WQP
USGS-413814070303802,9936297626867597312,41.637203,-70.510061,WQP
USGS-413814070303803,9936297626867597312,41.637203,-70.510061,WQP
USGS-413814070303805,9936297626867597312,41.637203,-70.510061,WQP
USGS-413814070303807,9936297626867597312,41.637203,-70.510061,WQP
USGS-413814070303809,9936297626867597312,41.637203,-70.510061,WQP
USGS-413814070303810,9936297626867597312,41.637203,-70.510061,WQP
USGS-413814070303812,9936297626867597312,41.637203,-70.510061,WQP
USGS-413814070303815,9936297626867597312,41.637203,-70.510061,WQP
USGS-413814070304201,9936297626867597312,41.637353,-70.511292,WQP
USGS-413814070304202,9936297626867597312,41.637353,-70.511292,WQP
USGS-413814070304203,9936297626867597312,41.637353,-70.511292,WQP
USGS-413814070304205,9936297626867597312,41.637353,-70.511292,WQP
USGS-413814070304207,9936297626867597312,41.637353,-70.511292,WQP
USGS-413814070304210,9936297626867597312,41.637353,-70.511292,WQP
USGS-413814070304213,9936297626867597312,41.637353,-70.511292,WQP
USGS-413815070302601,9936297626867597312,41.637403,-70.507305,WQP
USGS-413815070303301,9936297626867597312,41.637720,-70.508500,WQP
USGS-413815070303302,9936297626867597312,41.637720,-70.508500,WQP
USGS-413815070303303,9936297626867597312,41.637720,-70.508500,WQP
USGS-413815070303305,9936297626867597312,41.637720,-70.508500,WQP
USGS-413815070303307,9936297626867597312,41.637720,-70.508500,WQP
USGS-413815070303310,9936297626867597312,41.637720,-70.508500,WQP
USGS-413815070303313,9936297626867597312,41.637720,-70.508500,WQP
USGS-413815070303501,9936297626867597312,41.637517,-70.509245,WQP
USGS-413815070303502,9936297626867597312,41.637517,-70.509245,WQP
USGS-413815070303503,9936297626867597312,41.637517,-70.509245,WQP
USGS-413815070303505,9936297626867597312,41.637517,-70.509245,WQP
USGS-413815070303507,9936297626867597312,41.637517,-70.509245,WQP
USGS-413815070303510,9936297626867597312,41.637517,-70.509245,WQP
USGS-413815070303513,9936297626867597312,41.637517,-70.509245,WQP
USGS-413815070304701,9936297626867597312,41.637736,-70.512602,WQP
USGS-413815070304702,9936297626867597312,41.637747,-70.512624,WQP
USGS-413815070304703,9936297626867597312,41.637720,-70.512641,WQP
USGS-413815070304704,9936297626867597312,41.637747,-70.512624,WQP
USGS-413815070304705,9936297626867597312,41.637722,-70.512638,WQP
USGS-413817070303001,9936297626867597312,41.638259,-70.507825,WQP
USGS-413817070303002,9936297626867597312,41.638259,-70.507825,WQP
USGS-413817070303003,9936297626867597312,41.638259,-70.507825,WQP
USGS-413817070303005,9936297626867597312,41.638259,-70.507825,WQP
USGS-413817070303007,9936297626867597312,41.638259,-70.507825,WQP
USGS-413817070303010,9936297626867597312,41.638259,-70.507825,WQP
USGS-413817070304901,9936297626867597312,41.638056,-70.513102,WQP
USGS-413820070302601,9936297626867597312,41.638856,-70.507269,WQP
USGS-413821070302601,9936297626867597312,41.639028,-70.507227,WQP
USGS-0110588363,9936297661227335680,41.635664,-70.513084,WQP
USGS-01105883632,9936297661227335680,41.636414,-70.512036,WQP
USGS-0110588364,9936297661227335680,41.633164,-70.504750,WQP
USGS-413804070302201,9936297661227335680,41.634439,-70.506294,WQP
USGS-413807070305201,9936297661227335680,41.635445,-70.513966,WQP
USGS-413808070303601,9936297661227335680,41.635514,-70.510182,WQP
USGS-413808070304501,9936297661227335680,41.635622,-70.512121,WQP
USGS-413808070304502,9936297661227335680,41.635625,-70.512121,WQP
USGS-413808070304503,9936297661227335680,41.635622,-70.512124,WQP
USGS-413808070304504,9936297661227335680,41.635622,-70.512124,WQP
USGS-413808070304505,9936297661227335680,41.635622,-70.512124,WQP
USGS-413808070305102,9936297661227335680,41.635686,-70.513674,WQP
USGS-413808070305103,9936297661227335680,41.635692,-70.513688,WQP
USGS-413808070305104,9936297661227335680,41.635683,-70.513658,WQP
USGS-413809070304001,9936297661227335680,41.635953,-70.510710,WQP
USGS-413809070304002,9936297661227335680,41.635967,-70.510702,WQP
USGS-413811070304701,9936297661227335680,41.636467,-70.512502,WQP
USGS-413811070304702,9936297661227335680,41.636475,-70.512482,WQP
USGS-413811070304703,9936297661227335680,41.636481,-70.512466,WQP
USGS-413811070304704,9936297661227335680,41.636486,-70.512452,WQP
USGS-414851070565701,9936326385968611328,41.814186,-70.949203,WQP
USGS-01107600,9936326557767303168,41.833147,-70.941311,WQP
USGS-415026070563603,9936327244962070528,41.840556,-70.943333,WQP
USGS-414913071052701,9936332020965703680,41.822175,-71.090200,WQP
OST_SHPD-NRSA0809-MA006,9936334288708435968,41.874940,-71.093970,WQP
USGS-01108414,9936334288708435968,41.877880,-71.093250,WQP
USGS-01108415,9936335525659017216,41.871561,-71.102556,WQP
USGS-01173515,9936832573634248704,42.204619,-72.318611,WQP
OST_SHPD-NRS18_MA_10009,9936841644605177856,42.178960,-72.368880,WQP
USGS-01177000,9936843809268695040,42.160649,-72.513976,WQP
OST_SHPD-NRS18_MA_10010,9936865799501250560,42.351760,-72.626330,WQP
USGS-421552072345001,9936869647791947776,42.264558,-72.580528,WQP
USGS-421544072344101,9936869682151686144,42.262230,-72.578170,WQP
USGS-421504072333501,9936870438065930240,42.251003,-72.559711,WQP
USGS-421316072324901,9936870850382790656,42.221197,-72.546917,WQP
USGS-421309072333401,9936870953462005760,42.219264,-72.559347,WQP
USGS-421447072345301,9936871228339912704,42.246000,-72.581375,WQP
USGS-01172008,9936871778095726592,42.194914,-72.601428,WQP
OST_SHPD-NRSA0809-MA017,9936871984254156800,42.204020,-72.590540,WQP
USGS-01172006,9936871984254156800,42.210556,-72.591111,WQP
USGS-420952072320701,9936872465290493952,42.174778,-72.533505,WQP
USGS-421107072330001,9936872499650232320,42.185192,-72.550136,WQP
USGS-421128072335601,9936872568369709056,42.191130,-72.565650,WQP
USGS-421029072320101,9936872877607354368,42.164422,-72.535394,WQP
USGS-420935072350501,9936873255564476416,42.159636,-72.584717,WQP
OST_SHPD-NRSA0809-MA013,9936873289924214784,42.158840,-72.576660,WQP
USGS-420900072363701,9936873702241075200,42.150106,-72.610383,WQP
USGS-01172012,9936873839680028672,42.153775,-72.627394,WQP
USGS-421014072373401,9936874217637150720,42.170675,-72.626017,WQP
USGS-01172014,9936876657178574848,42.148669,-72.624211,WQP
USGS-01183610,9936877275653865472,42.099444,-72.636305,WQP
USGS-01185500,9936931701479440384,42.078861,-73.072883,WQP
USGS-01181008,9936949465464176640,42.225645,-72.870653,WQP
USGS-01197134,9936987501694550016,42.393974,-73.240383,WQP
USGS-01197500,9937024507132772352,42.231917,-73.354667,WQP
samplePoint.142700,9942563812353769472,41.685705,-70.012608,EGAD
