fips,n_pfas_fac
04001,23
04003,48
04005,52
04007,26
04009,20
04011,8
04012,21
04013,707
04015,53
04017,39
04019,187
04021,92
04023,16
04025,66
04027,40
05001,28
05003,24
05005,21
05007,79
05009,16
05011,7
05013,10
05015,23
05017,10
05019,31
05021,18
05023,19
05025,6
05027,30
05029,24
05031,57
05033,24
05035,43
05037,18
05039,7
05041,17
05043,20
05045,56
05047,8
05049,5
05051,38
05053,22
05055,19
05057,28
05059,25
05061,14
05063,21
05065,11
05067,24
05069,52
05071,14
05073,16
05075,15
05077,13
05079,7
05081,19
05083,9
05085,58
05087,8
05089,18
05091,24
05093,61
05095,8
05097,9
05099,3
05101,3
05103,39
05105,8
05107,30
05109,11
05111,23
05113,15
05115,28
05117,21
05119,212
05121,16
05123,23
05125,86
05127,4
05129,9
05131,65
05133,17
05135,7
05137,5
05139,92
05141,14
05143,79
05145,35
05147,13
05149,16
06001,945
06003,8
06005,46
06007,90
06009,47
06011,43
06013,396
06015,13
06017,64
06019,395
06021,69
06023,91
06025,91
06027,36
06029,676
06031,79
06033,37
06035,29
06037,3627
06039,64
06041,127
06043,22
06045,72
06047,86
06049,22
06051,19
06053,88
06055,74
06057,52
06059,1254
06061,190
06063,30
06065,469
06067,222
06069,33
06071,804
06073,843
06075,173
06077,352
06079,144
06081,328
06083,391
06085,1568
06087,54
06089,69
06091,19
06093,55
06095,188
06097,201
06099,171
06101,51
06103,37
06105,28
06107,168
06109,23
06111,457
06113,118
06115,28
08001,924
08003,16
08005,378
08007,13
08009,37
08011,20
08013,242
08014,102
08015,33
08017,278
08019,6
08021,5
08023,8
08025,4
08027,10
08029,42
08031,509
08033,23
08035,52
08037,23
08039,53
08041,210
08043,47
08045,2299
08047,4
08049,13
08051,34
08053,2
08055,11
08057,57
08059,170
08061,61
08063,31
08065,16
08067,331
08069,249
08071,1015
08073,106
08075,50
08077,297
08079,4
08081,430
08083,64
08085,56
08087,113
08089,24
08091,4
08093,17
08095,20
08097,20
08099,24
08101,59
08103,424
08105,21
08107,37
08109,30
08111,7
08113,54
08115,5
08117,11
08119,9
08121,84
08123,11033
08125,169
10001,40
10003,214
10005,33
11001,70
12001,66
12003,6
12005,67
12007,4
12009,175
12011,267
12013,13
12015,28
12017,28
12019,38
12021,69
12023,17
12027,17
12029,8
12031,276
12033,72
12035,12
12037,6
12039,27
12041,11
12043,10
12045,8
12047,8
12049,9
12051,24
12053,26
12055,39
12057,279
12059,9
12061,23
12063,23
12065,7
12067,5
12069,58
12071,118
12073,31
12075,25
12077,1
12079,14
12081,79
12083,75
12085,41
12086,264
12087,38
12089,29
12091,56
12093,27
12095,210
12097,52
12099,177
12101,70
12103,270
12105,216
12107,28
12109,39
12111,52
12113,56
12115,104
12117,77
12119,30
12121,18
12123,15
12125,11
12127,102
12129,4
12131,19
12133,35
13001,7
13003,3
13005,6
13009,11
13011,8
13013,19
13015,77
13017,11
13019,6
13021,46
13023,2
13025,3
13027,3
13029,9
13031,12
13033,11
13035,5
13037,6
13039,24
13043,3
13045,42
13047,17
13049,5
13051,76
13053,5
13055,13
13057,33
13059,24
13061,3
13063,43
13065,6
13067,107
13069,9
13071,10
13073,13
13075,12
13077,45
13079,5
13081,14
13083,11
13085,6
13087,20
13089,161
13091,6
13093,11
13095,24
13097,33
13099,12
13103,12
13105,6
13107,15
13109,5
13111,4
13113,39
13115,41
13117,36
13119,12
13121,224
13123,9
13125,2
13127,31
13129,71
13131,6
13133,11
13135,135
13137,20
13139,53
13141,2
13143,12
13145,8
13147,9
13149,8
13151,30
13153,21
13155,5
13157,22
13159,5
13161,2
13163,12
13165,3
13167,5
13169,2
13171,11
13173,2
13175,22
13177,4
13179,22
13181,4
13185,44
13187,5
13189,11
13191,9
13193,6
13195,8
13197,3
13199,13
13201,1
13205,10
13207,12
13209,3
13211,15
13213,27
13215,52
13217,39
13219,3
13221,6
13223,15
13225,17
13227,9
13229,6
13231,20
13233,20
13235,4
13237,9
13239,3
13241,9
13243,3
13245,69
13247,38
13249,3
13251,8
13253,2
13255,28
13257,23
13259,4
13261,9
13263,5
13265,2
13267,8
13269,4
13271,5
13273,4
13275,10
13277,13
13279,7
13281,3
13283,5
13285,42
13287,6
13289,2
13291,7
13293,21
13295,18
13297,22
13299,8
13301,2
13303,13
13305,6
13309,2
13311,6
13313,128
13315,5
13317,6
13319,5
13321,5
16001,71
16003,7
16005,17
16007,5
16009,16
16011,10
16013,15
16015,21
16017,28
16019,13
16021,5
16023,5
16025,5
16027,50
16029,12
16031,14
16033,2
16035,16
16037,15
16039,32
16041,5
16043,6
16045,4
16047,6
16049,28
16051,7
16053,11
16055,34
16057,20
16059,14
16061,6
16063,4
16065,4
16067,10
16069,13
16071,2
16073,23
16075,10
16077,7
16079,15
16081,79
16083,16
16085,23
16087,6
17001,45
17003,13
17005,29
17007,33
17009,6
17011,46
17013,6
17015,23
17017,15
17019,76
17021,32
17023,21
17025,25
17027,14
17029,42
17031,1725
17033,23
17035,7
17037,68
17039,25
17041,28
17043,416
17045,36
17047,7
17049,24
17051,17
17053,29
17055,32
17057,36
17059,2
17061,11
17063,49
17065,15
17067,32
17069,3
17071,6
17073,39
17075,49
17077,25
17079,11
17081,28
17083,16
17085,32
17087,5
17089,207
17091,60
17093,24
17095,23
17097,246
17099,121
17101,31
17103,52
17105,60
17107,31
17109,24
17111,137
17113,72
17115,55
17117,30
17119,119
17121,43
17123,13
17125,14
17127,11
17129,6
17131,21
17133,10
17135,50
17137,21
17139,13
17141,61
17143,89
17145,19
17147,11
17149,18
17151,1
17153,6
17155,16
17157,26
17159,12
17161,63
17163,127
17165,15
17167,79
17169,5
17171,4
17173,16
17175,9
17177,41
17179,61
17181,11
17183,68
17185,12
17187,19
17189,9
17191,35
17193,20
17195,36
17197,186
17199,30
17201,174
17203,26
18001,14
18003,141
18005,32
18007,5
18009,13
18011,21
18013,3
18015,8
18017,23
18019,50
18021,13
18023,15
18025,1
18027,13
18029,17
18031,12
18033,51
18035,40
18037,13
18039,161
18041,13
18043,25
18045,7
18047,4
18049,18
18051,11
18053,23
18055,13
18057,40
18059,24
18061,14
18063,38
18065,17
18067,29
18069,36
18071,27
18073,12
18075,14
18077,17
18079,12
18081,40
18083,19
18085,68
18087,21
18089,141
18091,60
18093,8
18095,29
18097,266
18099,50
18101,4
18103,22
18105,29
18107,25
18109,25
18111,10
18113,48
18115,1
18117,9
18119,10
18121,7
18123,8
18125,12
18127,47
18129,43
18131,12
18133,20
18135,8
18137,22
18139,14
18141,81
18143,12
18145,37
18147,10
18149,20
18151,30
18153,13
18155,7
18157,46
18159,9
18161,1
18163,57
18165,10
18167,43
18169,19
18171,8
18173,17
18175,11
18177,26
18179,21
18181,18
18183,26
19001,12
19003,10
19005,18
19007,20
19009,10
19011,28
19013,56
19015,19
19017,11
19019,16
19021,21
19023,18
19025,19
19027,27
19029,13
19031,17
19033,32
19035,19
19037,16
19039,11
19041,16
19043,24
19045,43
19047,19
19049,27
19051,9
19053,13
19055,22
19057,37
19059,15
19061,69
19063,13
19065,25
19067,17
19069,16
19071,12
19073,13
19075,15
19077,15
19079,17
19081,22
19083,27
19085,13
19087,21
19089,13
19091,21
19093,17
19095,23
19097,21
19099,28
19101,25
19103,59
19105,17
19107,21
19109,21
19111,41
19113,90
19115,9
19117,10
19119,12
19121,19
19123,21
19125,21
19127,23
19129,13
19131,15
19133,14
19135,12
19137,15
19139,38
19141,23
19143,11
19145,18
19147,16
19149,19
19151,11
19153,178
19155,41
19157,27
19159,11
19161,20
19163,79
19165,21
19167,39
19169,36
19171,21
19173,9
19175,17
19177,15
19179,22
19181,31
19183,21
19185,15
19187,39
19189,13
19191,19
19193,49
19195,17
19197,19
20001,10
20003,7
20005,13
20007,19
20009,17
20011,10
20013,11
20015,38
20017,4
20019,4
20021,22
20023,4
20025,3
20027,4
20029,8
20031,10
20033,8
20035,16
20037,23
20039,2
20041,6
20043,8
20045,23
20047,5
20049,4
20051,10
20053,4
20055,49
20057,12
20059,14
20061,22
20063,4
20065,1
20067,98
20069,2
20071,5
20073,7
20075,134
20077,23
20079,19
20081,39
20083,4
20085,10
20087,13
20089,2
20091,119
20093,18
20095,19
20097,7
20099,18
20101,2
20103,25
20105,3
20107,13
20109,2
20111,20
20113,30
20115,11
20117,11
20119,4
20121,10
20123,4
20125,38
20127,7
20129,33
20131,8
20133,21
20135,3
20137,6
20139,9
20141,7
20143,9
20145,4
20147,6
20149,11
20151,14
20153,2
20155,46
20157,5
20159,14
20161,22
20163,3
20165,8
20167,5
20169,22
20171,5
20173,148
20175,30
20177,36
20179,1
20181,6
20183,5
20185,7
20187,5
20189,47
20191,13
20193,5
20195,1
20197,9
20199,1
20201,8
20203,2
20205,17
20207,4
20209,94
21001,5
21003,3
21005,5
21007,11
21009,16
21011,3
21013,8
21015,81
21017,13
21019,28
21021,10
21023,3
21025,4
21027,8
21029,17
21031,6
21033,4
21035,7
21037,14
21039,6
21041,14
21043,10
21045,2
21047,28
21049,14
21051,10
21053,8
21055,2
21057,1
21059,35
21061,4
21063,1
21065,4
21067,56
21069,5
21071,18
21073,17
21075,5
21077,3
21079,3
21081,10
21083,7
21085,10
21087,4
21089,19
21091,14
21093,37
21095,12
21097,11
21099,8
21101,46
21103,15
21105,2
21107,23
21109,7
21111,252
21113,11
21115,6
21117,24
21119,9
21121,7
21123,6
21125,21
21127,5
21129,1
21131,7
21133,19
21135,6
21137,7
21139,7
21141,12
21143,8
21145,31
21147,6
21149,13
21151,28
21153,2
21155,9
21157,41
21159,3
21161,11
21163,8
21165,3
21167,12
21169,3
21171,8
21173,11
21175,3
21177,9
21179,18
21181,1
21183,16
21185,15
21187,5
21189,1
21191,13
21193,13
21195,35
21197,8
21199,23
21201,1
21203,5
21205,6
21207,12
21209,17
21211,20
21213,25
21215,3
21217,10
21219,5
21221,4
21223,3
21225,16
21227,35
21229,6
21231,3
21233,4
21235,13
21237,5
21239,7
22001,126
22003,49
22005,102
22007,19
22009,30
22011,141
22013,270
22015,384
22017,443
22019,312
22021,11
22023,133
22025,12
22027,230
22029,24
22031,538
22033,198
22035,6
22037,19
22039,135
22041,15
22043,6
22045,121
22047,129
22049,38
22051,190
22053,80
22055,137
22057,189
22059,66
22061,234
22063,41
22065,7
22067,13
22069,22
22071,107
22073,95
22075,201
22077,98
22079,116
22081,108
22083,9
22085,84
22087,30
22089,80
22091,23
22093,46
22095,42
22097,84
22099,85
22101,146
22103,63
22105,55
22107,12
22109,166
22111,28
22113,170
22115,53
22117,27
22119,142
22121,114
22123,6
22125,17
22127,12
23001,50
23003,26
23005,75
23007,10
23009,10
23011,21
23013,15
23015,5
23017,16
23019,48
23021,4
23023,8
23025,18
23027,10
23029,5
23031,44
24001,30
24003,176
24005,257
24009,19
24011,24
24013,49
24015,54
24017,54
24019,26
24021,88
24023,21
24025,89
24027,79
24029,27
24031,157
24033,231
24035,29
24037,30
24039,17
24041,21
24043,60
24045,55
24047,24
24510,358
25001,66
25003,111
25005,286
25007,17
25009,407
25011,61
25013,268
25015,70
25017,816
25019,7
25021,271
25023,181
25025,176
25027,500
26001,24
26003,9
26005,109
26007,36
26009,66
26011,20
26013,6
26015,25
26017,60
26019,80
26021,110
26023,48
26025,64
26027,31
26029,24
26031,25
26033,34
26035,29
26037,43
26039,23
26041,15
26043,22
26045,56
26047,22
26049,118
26051,28
26053,19
26055,40
26057,24
26059,52
26061,28
26063,58
26065,88
26067,33
26069,26
26071,12
26073,31
26075,96
26077,125
26079,39
26081,277
26083,5
26085,7
26087,48
26089,30
26091,76
26093,75
26095,2
26097,17
26099,280
26101,53
26103,36
26105,25
26107,26
26109,18
26111,61
26113,8
26115,75
26117,48
26119,66
26121,96
26123,18
26125,356
26127,12
26129,17
26131,20
26133,30
26135,34
26137,126
26139,123
26141,20
26143,21
26145,92
26147,110
26149,48
26151,54
26153,8
26155,40
26157,51
26159,58
26161,133
26163,543
26165,20
27001,15
27003,85
27005,14
27007,16
27009,18
27011,6
27013,38
27015,16
27017,16
27019,33
27021,27
27023,16
27025,26
27027,15
27029,8
27031,10
27033,11
27035,41
27037,95
27039,14
27041,18
27043,20
27045,20
27047,14
27049,31
27051,10
27053,342
27055,13
27057,12
27059,16
27061,27
27063,10
27065,7
27067,16
27069,5
27071,12
27073,3
27075,15
27077,4
27079,14
27083,10
27085,21
27087,7
27089,12
27091,19
27093,22
27095,11
27097,19
27099,11
27101,8
27103,15
27105,9
27107,8
27109,42
27111,36
27113,4
27115,10
27117,7
27119,19
27121,11
27123,133
27125,2
27127,12
27129,18
27131,22
27133,8
27135,11
27137,99
27139,48
27141,43
27143,10
27145,43
27147,27
27149,10
27151,12
27153,10
27155,7
27157,11
27159,4
27161,10
27163,54
27165,11
27167,5
27169,24
27171,50
27173,7
28001,21
28003,8
28005,5
28007,12
28009,1
28011,34
28013,7
28015,6
28017,12
28019,4
28021,7
28023,12
28025,6
28027,19
28029,14
28031,14
28033,53
28035,25
28037,5
28039,5
28041,4
28043,18
28045,20
28047,88
28049,68
28051,13
28053,6
28055,4
28057,8
28059,57
28061,12
28063,6
28065,4
28067,24
28069,8
28071,11
28073,13
28075,31
28077,9
28079,5
28081,41
28083,21
28085,10
28087,36
28089,48
28091,11
28093,26
28095,24
28097,6
28099,12
28101,12
28103,5
28105,17
28107,17
28109,22
28111,10
28113,17
28115,12
28117,9
28119,4
28121,55
28123,11
28125,9
28127,9
28129,12
28131,7
28133,21
28135,7
28137,13
28139,16
28141,21
28143,14
28145,5
28147,4
28149,29
28151,36
28153,13
28155,6
28157,11
28159,13
28161,6
28163,12
29001,10
29003,5
29005,5
29007,16
29009,27
29011,19
29013,9
29015,17
29017,2
29019,47
29021,47
29023,18
29025,6
29027,38
29029,252
29031,42
29033,13
29035,4
29037,44
29039,5
29041,8
29043,20
29045,2
29047,122
29049,11
29051,62
29053,11
29055,21
29057,3
29059,6
29061,5
29063,2
29065,9
29067,6
29069,11
29071,93
29073,20
29075,4
29077,94
29079,5
29081,5
29083,13
29085,7
29087,5
29089,4
29091,17
29093,5
29095,273
29097,56
29099,81
29101,26
29103,5
29105,18
29107,20
29109,17
29111,6
29113,33
29115,14
29117,8
29119,1
29121,13
29123,7
29125,9
29127,26
29129,1
29131,31
29133,7
29135,3
29137,4
29139,14
29141,42
29143,19
29145,28
29147,9
29149,2
29151,7
29153,7
29155,13
29157,12
29159,22
29161,15
29163,26
29165,43
29167,5
29169,18
29171,3
29173,16
29175,26
29177,8
29179,10
29181,5
29183,99
29185,7
29186,20
29187,27
29189,361
29195,16
29197,2
29199,5
29201,21
29203,2
29205,1
29207,11
29209,53
29211,5
29213,22
29215,21
29217,13
29219,23
29221,14
29223,9
29225,15
29227,1
29229,9
29510,249
30001,8
30003,12
30005,7
30007,8
30009,5
30011,6
30013,34
30015,11
30017,8
30019,3
30021,7
30025,7
30027,9
30029,38
30031,37
30033,3
30035,12
30037,2
30039,10
30041,6
30043,21
30045,2
30047,15
30049,39
30051,2
30053,19
30055,2
30057,12
30059,4
30061,3
30063,36
30065,2
30067,8
30069,2
30071,2
30073,2
30075,4
30077,6
30079,1
30081,14
30083,10
30085,7
30087,8
30089,14
30091,2
30093,19
30095,3
30097,3
30099,2
30101,7
30103,1
30105,12
30107,1
30109,3
30111,49
31001,51
31003,17
31005,5
31007,3
31009,2
31011,18
31013,14
31015,9
31017,7
31019,44
31021,13
31023,27
31025,28
31027,14
31029,11
31031,13
31033,22
31035,27
31037,10
31039,14
31041,25
31043,25
31045,11
31047,30
31049,8
31051,15
31053,36
31055,110
31057,5
31059,27
31061,16
31063,8
31065,16
31067,39
31069,2
31071,1
31073,6
31075,5
31077,8
31079,42
31081,27
31083,14
31085,3
31087,9
31089,25
31091,3
31093,10
31095,20
31097,7
31099,9
31101,22
31103,2
31105,11
31107,19
31109,91
31111,44
31113,4
31115,3
31119,36
31121,23
31123,7
31125,6
31127,13
31129,12
31131,25
31133,9
31135,21
31137,19
31139,11
31141,44
31143,8
31145,13
31147,17
31149,4
31151,20
31153,41
31155,32
31157,34
31159,32
31161,11
31163,4
31165,3
31167,11
31169,22
31171,4
31173,10
31175,11
31177,26
31179,12
31181,8
31183,6
31185,30
32001,19
32003,172
32005,16
32007,49
32009,6
32011,15
32013,27
32015,20
32017,6
32019,47
32021,15
32023,37
32027,11
32029,16
32031,115
32033,14
32510,27
33001,35
33003,13
33005,41
33007,20
33009,39
33011,179
33013,56
33015,144
33017,59
33019,18
34001,60
34003,375
34005,145
34007,150
34009,22
34011,73
34013,303
34015,126
34017,146
34019,52
34021,109
34023,379
34025,131
34027,196
34029,73
34031,240
34033,43
34035,162
34037,43
34039,230
34041,65
35001,208
35003,9
35005,42
35006,14
35007,11
35009,11
35011,2
35013,32
35015,2372
35017,17
35019,3
35021,3
35023,9
35025,1814
35027,11
35028,13
35029,10
35031,39
35033,6
35035,17
35037,8
35039,52
35041,13
35043,76
35045,408
35047,13
35049,27
35051,8
35053,11
35055,5
35057,10
35059,2
35061,12
36001,115
36003,27
36005,62
36007,81
36009,34
36011,29
36013,62
36015,33
36017,20
36019,35
36021,31
36023,18
36025,32
36027,86
36029,247
36031,34
36033,18
36035,59
36037,23
36039,25
36041,12
36043,28
36045,54
36047,184
36049,20
36051,21
36053,23
36055,215
36057,35
36059,167
36061,89
36063,110
36065,104
36067,138
36069,55
36071,106
36073,24
36075,47
36077,25
36079,14
36081,191
36083,56
36085,28
36087,59
36089,51
36091,74
36093,40
36095,16
36097,15
36099,15
36101,29
36103,340
36105,29
36107,18
36109,23
36111,63
36113,34
36115,44
36117,42
36119,115
36121,20
36123,12
37001,50
37003,11
37005,8
37007,9
37009,8
37011,7
37013,10
37015,4
37017,14
37019,27
37021,49
37023,33
37025,42
37027,29
37029,3
37031,17
37033,6
37035,73
37037,18
37039,9
37041,5
37043,2
37045,39
37047,25
37049,25
37051,41
37053,10
37055,13
37057,48
37059,11
37061,6
37063,63
37065,18
37067,66
37069,16
37071,77
37073,2
37075,2
37077,18
37079,7
37081,195
37083,24
37085,16
37087,18
37089,20
37091,6
37093,5
37095,3
37097,72
37099,10
37101,37
37103,8
37105,30
37107,16
37109,22
37111,17
37113,7
37115,9
37117,9
37119,233
37121,4
37123,12
37125,23
37127,17
37129,48
37131,4
37133,25
37135,12
37137,2
37139,6
37141,12
37143,4
37145,10
37147,26
37149,6
37151,63
37153,22
37155,30
37157,42
37159,51
37161,38
37163,19
37165,20
37167,25
37169,10
37171,22
37173,4
37175,8
37179,41
37181,5
37183,108
37185,2
37187,9
37189,7
37191,17
37193,14
37195,15
37197,11
37199,11
38001,2
38003,22
38005,20
38007,9
38009,22
38011,13
38013,12
38015,25
38017,82
38019,10
38021,5
38023,8
38025,25
38027,7
38029,13
38031,4
38033,5
38035,38
38037,5
38039,5
38041,3
38043,10
38045,11
38047,3
38049,16
38051,8
38053,82
38055,29
38057,15
38059,21
38061,30
38063,11
38065,2
38067,21
38069,4
38071,12
38073,8
38075,5
38077,32
38079,20
38081,9
38083,3
38085,12
38087,1
38089,34
38091,5
38093,19
38095,6
38097,19
38099,21
38101,39
38103,16
38105,75
39001,7
39003,37
39005,17
39007,78
39009,8
39011,25
39013,75
39015,15
39017,113
39019,81
39021,20
39023,41
39025,43
39027,32
39029,32
39031,20
39033,19
39035,460
39037,22
39039,14
39041,20
39043,31
39045,29
39047,11
39049,168
39051,24
39053,8
39055,42
39057,35
39059,60
39061,286
39063,49
39065,14
39067,60
39069,11
39071,13
39073,3
39075,10
39077,27
39079,8
39081,61
39083,16
39085,99
39087,13
39089,50
39091,14
39093,90
39095,143
39097,8
39099,74
39101,8
39103,82
39105,5
39107,9
39109,60
39111,57
39113,175
39115,4
39117,9
39119,19
39121,18
39123,16
39125,15
39127,8
39129,17
39131,11
39133,79
39135,11
39137,18
39139,48
39141,15
39143,27
39145,18
39147,25
39149,23
39151,137
39153,210
39155,64
39157,58
39159,15
39161,11
39163,1
39165,71
39167,43
39169,61
39171,23
39173,66
39175,13
40001,3
40003,742
40005,39
40007,216
40009,250
40011,788
40013,30
40015,201
40017,900
40019,360
40021,9
40023,7
40025,3
40027,35
40029,184
40031,33
40033,3
40035,11
40037,46
40039,270
40041,10
40043,508
40045,739
40047,289
40049,225
40051,764
40053,302
40055,3
40057,2
40059,47
40061,115
40063,325
40065,17
40067,3
40069,69
40071,58
40073,996
40075,22
40077,150
40079,106
40081,86
40083,304
40085,75
40087,422
40089,12
40091,38
40093,290
40095,106
40097,33
40099,14
40101,23
40103,59
40105,28
40107,24
40109,230
40111,37
40113,96
40115,25
40117,19
40119,77
40121,412
40123,35
40125,50
40127,9
40129,618
40131,59
40133,69
40135,31
40137,299
40139,157
40141,8
40143,192
40145,34
40147,14
40149,320
40151,735
40153,129
41001,17
41003,29
41005,102
41007,19
41009,22
41011,21
41013,9
41015,7
41017,41
41019,40
41021,11
41023,17
41025,18
41027,8
41029,55
41031,12
41033,20
41035,33
41037,27
41039,75
41041,16
41043,39
41045,26
41047,63
41049,7
41051,194
41053,22
41055,3
41057,8
41059,22
41061,10
41063,11
41065,16
41067,176
41069,5
41071,29
42001,51
42003,299
42005,52
42007,82
42009,18
42011,149
42013,45
42015,63
42017,245
42019,252
42021,40
42023,10
42025,16
42027,59
42029,149
42031,46
42033,51
42035,26
42037,15
42039,101
42041,59
42043,75
42045,104
42047,50
42049,228
42051,47
42053,20
42055,42
42057,5
42059,81
42061,10
42063,61
42065,55
42067,8
42069,74
42071,134
42073,78
42075,47
42077,107
42079,100
42081,89
42083,77
42085,128
42087,19
42089,35
42091,240
42093,4
42095,104
42097,22
42099,16
42101,195
42103,3
42105,20
42107,72
42109,16
42111,27
42113,6
42115,117
42117,71
42119,16
42121,68
42123,88
42125,173
42127,20
42129,150
42131,37
42133,161
44001,22
44003,76
44005,36
44007,370
44009,64
45001,19
45003,51
45005,11
45007,99
45009,11
45011,14
45013,20
45015,58
45017,13
45019,90
45021,34
45023,38
45025,26
45027,8
45029,15
45031,26
45033,9
45035,36
45037,21
45039,12
45041,30
45043,21
45045,228
45047,37
45049,10
45051,31
45053,10
45055,21
45057,31
45059,33
45061,6
45063,72
45065,3
45067,7
45069,17
45071,10
45073,24
45075,30
45077,54
45079,83
45081,5
45083,190
45085,50
45087,16
45089,19
45091,80
46003,7
46005,13
46007,3
46009,10
46011,20
46013,28
46015,9
46017,2
46019,9
46021,5
46023,10
46025,5
46027,7
46029,30
46031,6
46033,14
46035,13
46037,9
46039,7
46041,20
46043,4
46045,9
46047,11
46049,6
46051,13
46053,6
46055,3
46057,7
46059,4
46061,3
46063,6
46065,14
46067,8
46071,8
46073,4
46075,6
46077,15
46079,12
46081,26
46083,12
46085,11
46087,6
46089,5
46091,10
46093,20
46095,5
46097,5
46099,52
46101,7
46103,30
46105,8
46107,10
46109,15
46111,5
46115,11
46117,2
46119,5
46121,15
46123,6
46125,15
46127,13
46129,11
46135,14
46137,5
47001,39
47003,18
47005,15
47007,9
47009,30
47011,33
47013,6
47015,5
47017,11
47019,14
47021,11
47023,3
47025,9
47027,7
47029,15
47031,16
47033,5
47035,18
47037,271
47039,10
47041,10
47043,19
47045,20
47047,20
47049,5
47051,18
47053,26
47055,16
47057,6
47059,46
47061,2
47063,34
47065,200
47067,4
47069,23
47071,14
47073,40
47075,12
47077,12
47079,12
47081,17
47083,1
47085,16
47087,5
47089,14
47091,7
47093,100
47095,2
47097,16
47099,14
47101,4
47103,16
47105,33
47107,40
47109,14
47111,8
47113,35
47115,19
47117,23
47119,31
47121,6
47123,30
47125,36
47127,3
47129,4
47131,19
47133,7
47135,6
47137,6
47139,9
47141,22
47143,20
47145,29
47147,26
47149,67
47151,8
47153,6
47155,25
47157,296
47159,13
47161,5
47163,61
47165,49
47167,24
47169,4
47171,14
47173,7
47175,5
47177,14
47179,32
47181,5
47183,10
47185,10
47187,19
47189,42
48001,13
48003,15
48005,23
48007,4
48009,3
48011,3
48013,10
48015,16
48017,3
48019,8
48021,13
48023,2
48025,14
48027,55
48029,232
48031,13
48033,1
48035,8
48037,22
48039,164
48041,37
48043,19
48045,1
48047,7
48049,15
48051,9
48053,21
48055,20
48057,32
48059,9
48061,58
48063,5
48065,6
48067,10
48069,5
48071,80
48073,14
48075,2
48077,2
48081,3
48083,6
48085,101
48087,3
48089,14
48091,39
48093,4
48095,3
48097,27
48099,6
48101,1
48103,15
48105,10
48107,3
48109,6
48111,4
48113,723
48115,5
48117,5
48119,1
48121,143
48123,14
48125,1
48127,20
48129,3
48131,7
48133,8
48135,81
48137,6
48139,86
48141,109
48143,20
48145,7
48147,16
48149,24
48151,4
48153,2
48155,1
48157,94
48159,6
48161,13
48163,12
48165,17
48167,106
48169,1
48171,15
48173,14
48175,4
48177,9
48179,15
48181,56
48183,55
48185,10
48187,41
48189,12
48191,3
48193,4
48195,9
48197,3
48199,12
48201,1501
48203,48
48205,1
48207,2
48209,27
48211,24
48213,40
48215,56
48217,17
48219,18
48221,17
48223,11
48225,15
48227,19
48229,4
48231,43
48233,31
48235,8
48237,9
48239,18
48241,6
48243,2
48245,177
48247,7
48249,20
48251,84
48253,7
48255,22
48257,44
48259,7
48261,1
48263,15
48265,17
48267,5
48269,3
48271,10
48273,9
48275,6
48277,18
48279,5
48281,6
48283,30
48285,14
48287,21
48289,20
48291,24
48293,18
48295,3
48297,15
48299,6
48301,16
48303,54
48305,6
48307,4
48309,81
48311,14
48313,3
48315,3
48317,31
48319,7
48321,28
48323,6
48325,17
48327,6
48329,88
48331,9
48333,4
48335,4
48337,9
48339,105
48341,17
48343,10
48345,3
48347,9
48349,25
48351,7
48353,8
48355,133
48357,7
48359,2
48361,43
48363,16
48365,27
48367,99
48369,4
48371,37
48373,7
48375,20
48377,9
48379,4
48381,21
48383,14
48385,8
48387,4
48389,61
48391,7
48393,5
48395,10
48397,16
48399,8
48401,16
48403,10
48405,2
48407,4
48409,43
48411,4
48413,5
48415,17
48417,3
48419,9
48421,9
48423,47
48425,11
48427,8
48429,4
48431,5
48433,3
48435,12
48437,6
48439,418
48441,42
48443,3
48445,9
48447,1
48449,10
48451,29
48453,144
48455,3
48457,3
48459,14
48461,27
48463,15
48465,22
48467,16
48469,26
48471,7
48473,26
48475,21
48477,19
48479,28
48481,28
48483,13
48485,35
48487,7
48489,3
48491,99
48493,12
48495,17
48497,80
48499,18
48501,22
48503,12
48505,5
48507,12
49001,5
49003,30
49005,34
49007,20
49009,3
49011,69
49013,52
49015,11
49017,9
49019,26
49021,23
49023,11
49025,6
49027,7
49029,4
49031,1
49035,251
49037,26
49039,10
49041,6
49043,15
49045,46
49047,174
49049,100
49051,3
49053,31
49055,4
49057,48
50001,25
50003,26
50005,20
50007,70
50009,6
50011,17
50013,6
50015,12
50017,14
50019,16
50021,30
50023,25
50025,35
50027,33
51001,32
51003,30
51005,13
51007,9
51009,12
51011,8
51013,21
51015,46
51017,19
51019,41
51021,8
51023,26
51025,8
51027,73
51029,4
51031,22
51033,15
51035,9
51036,9
51037,11
51041,70
51043,9
51045,5
51047,57
51049,6
51051,58
51053,9
51057,9
51059,83
51061,49
51063,10
51065,28
51067,16
51069,74
51071,12
51073,17
51075,17
51077,4
51079,2
51081,20
51083,37
51085,40
51087,60
51089,39
51091,3
51093,19
51095,10
51097,7
51099,10
51101,14
51103,15
51105,14
51107,63
51109,35
51111,13
51113,5
51115,4
51117,41
51119,6
51121,39
51125,23
51127,3
51131,13
51133,15
51135,14
51137,34
51139,23
51141,18
51143,29
51145,9
51147,13
51149,16
51153,44
51155,28
51157,8
51159,9
51161,20
51163,20
51165,98
51167,21
51169,33
51171,66
51173,36
51175,12
51177,47
51179,20
51181,5
51183,14
51185,54
51187,39
51191,48
51193,5
51195,75
51197,28
51199,10
51510,16
51520,12
51530,6
51540,16
51550,52
51570,6
51580,6
51590,21
51600,12
51620,8
51630,9
51640,13
51650,17
51660,19
51670,21
51678,1
51680,44
51683,21
51690,13
51700,34
51710,36
51720,4
51730,22
51735,1
51740,23
51750,7
51760,83
51770,31
51775,16
51790,6
51800,26
51810,45
51820,14
51830,3
51840,16
53001,15
53003,6
53005,34
53007,25
53009,30
53011,123
53013,3
53015,55
53017,9
53019,8
53021,26
53023,4
53025,44
53027,25
53029,13
53031,12
53033,471
53035,43
53037,17
53039,18
53041,36
53043,15
53045,9
53047,24
53049,16
53051,11
53053,196
53055,14
53057,53
53059,6
53061,176
53063,137
53065,22
53067,35
53069,1
53071,22
53073,91
53075,15
53077,62
54001,6
54003,24
54005,3
54007,6
54009,31
54011,20
54013,2
54015,1
54017,6
54019,14
54021,2
54023,5
54025,5
54027,6
54029,17
54031,2
54033,31
54035,13
54037,16
54039,105
54041,8
54045,6
54047,2
54049,16
54051,36
54053,16
54055,17
54057,11
54059,4
54061,15
54063,5
54065,2
54067,10
54069,19
54071,3
54073,17
54075,5
54077,15
54079,21
54081,19
54083,8
54085,11
54087,6
54089,3
54091,4
54093,3
54095,5
54097,4
54099,25
54103,20
54105,3
54107,39
54109,7
55001,7
55003,5
55005,15
55007,10
55009,110
55011,3
55013,2
55015,18
55017,34
55019,7
55021,24
55023,4
55025,99
55027,40
55029,6
55031,13
55033,14
55035,17
55039,28
55041,3
55043,12
55045,7
55047,8
55049,9
55051,4
55053,7
55055,45
55057,14
55059,48
55061,18
55063,29
55065,6
55067,6
55069,15
55071,26
55073,50
55075,25
55077,5
55078,1
55079,251
55081,17
55083,12
55085,21
55087,63
55089,27
55091,6
55093,8
55095,15
55097,21
55099,7
55101,64
55103,6
55105,51
55107,9
55109,25
55111,24
55113,5
55115,11
55117,44
55119,4
55121,8
55123,5
55125,15
55127,44
55129,10
55131,44
55133,157
55135,17
55137,23
55139,107
55141,36
56001,88
56003,10
56005,973
56007,475
56009,880
56011,66
56013,1486
56015,8
56017,24
56019,93
56021,152
56023,475
56025,215
56027,56
56029,113
56031,18
56033,53
56035,695
56037,49
56039,8
56041,194
56043,76
56045,9
