fips,n_fac
04001,1015
04003,1743
04005,2159
04007,1431
04009,480
04011,180
04012,711
04013,22847
04015,2680
04017,2219
04019,7850
04021,3557
04023,748
04025,2858
04027,1735
05001,402
05003,294
05005,442
05007,2928
05009,423
05011,194
05013,150
05015,318
05017,232
05019,429
05021,245
05023,426
05025,120
05027,535
05029,485
05031,1191
05033,605
05035,669
05037,319
05039,169
05041,258
05043,267
05045,1136
05047,495
05049,161
05051,1033
05053,242
05055,394
05057,450
05059,436
05061,294
05063,571
05065,209
05067,315
05069,947
05071,475
05073,266
05075,269
05077,180
05079,126
05081,225
05083,390
05085,753
05087,246
05089,258
05091,585
05093,793
05095,192
05097,198
05099,193
05101,98
05103,677
05105,146
05107,378
05109,252
05111,379
05113,300
05115,764
05117,190
05119,4598
05121,241
05123,370
05125,1133
05127,193
05129,155
05131,1685
05133,289
05135,211
05137,163
05139,1418
05141,409
05143,2420
05145,999
05147,140
05149,311
06001,22194
06003,130
06005,797
06007,3978
06009,672
06011,983
06013,10716
06015,715
06017,2901
06019,9269
06021,2017
06023,3624
06025,2725
06027,777
06029,14140
06031,2168
06033,1066
06035,689
06037,86853
06039,2197
06041,3179
06043,533
06045,2136
06047,3506
06049,337
06051,547
06053,5247
06055,3264
06057,1635
06059,23489
06061,5016
06063,851
06065,19862
06067,11566
06069,724
06071,21755
06073,31263
06075,9726
06077,10153
06079,4986
06081,10012
06083,6581
06085,24977
06087,2446
06089,3030
06091,200
06093,1387
06095,5672
06097,9139
06099,6771
06101,1574
06103,1535
06105,555
06107,5708
06109,850
06111,9809
06113,4277
06115,1419
08001,4757
08003,211
08005,3753
08007,178
08009,137
08011,116
08013,2300
08014,495
08015,369
08017,407
08019,210
08021,72
08023,77
08025,42
08027,116
08029,405
08031,6139
08033,78
08035,1662
08037,500
08039,311
08041,4160
08043,604
08045,3249
08047,73
08049,307
08051,293
08053,22
08055,165
08057,142
08059,3685
08061,134
08063,257
08065,162
08067,2145
08069,2639
08071,1256
08073,296
08075,418
08077,1847
08079,48
08081,783
08083,489
08085,696
08087,577
08089,326
08091,263
08093,274
08095,156
08097,311
08099,319
08101,1190
08103,802
08105,245
08107,477
08109,139
08111,42
08113,209
08115,116
08117,317
08119,168
08121,224
08123,14636
08125,478
10001,2479
10003,6681
10005,7375
11001,3598
12001,1505
12003,150
12005,1617
12007,203
12009,3929
12011,7302
12013,117
12015,975
12017,619
12019,1155
12021,1900
12023,434
12027,263
12029,110
12031,7752
12033,2342
12035,605
12037,142
12039,402
12041,123
12043,200
12045,170
12047,122
12049,203
12051,422
12053,1070
12055,753
12057,8368
12059,126
12061,1435
12063,381
12065,114
12067,83
12069,2128
12071,5093
12073,1792
12075,326
12077,72
12079,166
12081,2059
12083,2419
12085,1184
12086,9284
12087,988
12089,616
12091,1238
12093,406
12095,8727
12097,1787
12099,6717
12101,2752
12103,4891
12105,5182
12107,543
12109,1562
12111,1706
12113,1015
12115,2489
12117,2790
12119,550
12121,303
12123,210
12125,101
12127,3073
12129,188
12131,788
12133,426
13001,152
13003,70
13005,103
13007,20
13009,263
13011,190
13013,1256
13015,1370
13017,157
13019,102
13021,1585
13023,74
13025,64
13027,93
13029,270
13031,548
13033,224
13035,177
13037,59
13039,837
13043,68
13045,931
13047,1802
13049,77
13051,2291
13053,151
13055,122
13057,2403
13059,717
13061,33
13063,1459
13065,67
13067,3899
13069,277
13071,300
13073,2468
13075,174
13077,1754
13079,45
13081,262
13083,92
13085,516
13087,290
13089,3338
13091,135
13093,136
13095,690
13097,1081
13099,128
13101,21
13103,323
13105,217
13107,216
13109,93
13111,335
13113,1014
13115,679
13117,2456
13119,253
13121,7422
13123,505
13125,10
13127,786
13129,578
13131,162
13133,1035
13135,5769
13137,497
13139,2237
13141,51
13143,219
13145,418
13147,233
13149,59
13151,2882
13153,988
13155,60
13157,1965
13159,113
13161,108
13163,183
13165,90
13167,39
13169,194
13171,113
13173,26
13175,350
13177,167
13179,379
13181,51
13183,71
13185,2069
13187,263
13189,229
13191,102
13193,118
13195,153
13197,37
13199,168
13201,50
13205,194
13207,310
13209,52
13211,234
13213,299
13215,1489
13217,1437
13219,451
13221,105
13223,1982
13225,244
13227,266
13229,111
13231,175
13233,274
13235,78
13237,449
13239,24
13241,155
13243,71
13245,1905
13247,1153
13249,27
13251,106
13253,67
13255,698
13257,291
13259,39
13261,271
13263,50
13265,21
13267,163
13269,78
13271,96
13273,80
13275,373
13277,372
13279,219
13281,193
13283,43
13285,718
13287,101
13289,54
13291,464
13293,186
13295,359
13297,927
13299,270
13301,77
13303,204
13305,182
13307,14
13309,30
13311,305
13313,1023
13315,67
13317,101
13319,111
13321,107
16001,2937
16003,45
16005,702
16007,76
16009,145
16011,321
16013,256
16015,134
16017,387
16019,651
16021,130
16023,44
16025,24
16027,1421
16029,128
16031,254
16033,21
16035,132
16037,106
16039,264
16041,87
16043,114
16045,120
16047,214
16049,264
16051,120
16053,212
16055,1014
16057,268
16059,112
16061,134
16063,41
16065,137
16067,168
16069,406
16071,31
16073,150
16075,159
16077,148
16079,221
16081,211
16083,711
16085,214
16087,82
17001,1133
17003,256
17005,383
17007,643
17009,134
17011,872
17013,75
17015,412
17017,344
17019,2507
17021,712
17023,415
17025,368
17027,652
17029,883
17031,43834
17033,343
17035,188
17037,1360
17039,418
17041,511
17043,9536
17045,425
17047,148
17049,762
17051,557
17053,383
17055,695
17057,652
17059,172
17061,294
17063,780
17065,162
17067,460
17069,141
17071,143
17073,987
17075,776
17077,909
17079,235
17081,867
17083,305
17085,580
17087,177
17089,4744
17091,1561
17093,864
17095,810
17097,6562
17099,2576
17101,333
17103,740
17105,908
17107,652
17109,558
17111,2945
17113,2198
17115,1754
17117,876
17119,4101
17121,874
17123,324
17125,387
17127,245
17129,252
17131,295
17133,374
17135,755
17137,672
17139,247
17141,1058
17143,2486
17145,461
17147,382
17149,473
17151,67
17153,179
17155,180
17157,550
17159,286
17161,2166
17163,3860
17165,414
17167,2766
17169,141
17171,142
17173,437
17175,138
17177,828
17179,1889
17181,231
17183,1451
17185,246
17187,402
17189,339
17191,378
17193,382
17195,1026
17197,6133
17199,960
17201,4215
17203,622
18001,788
18003,4374
18005,1308
18007,260
18009,335
18011,1200
18013,145
18015,658
18017,813
18019,1802
18021,461
18023,693
18025,185
18027,920
18029,637
18031,515
18033,847
18035,1757
18037,1122
18039,4370
18041,304
18043,840
18045,361
18047,328
18049,506
18051,993
18053,1088
18055,624
18057,2629
18059,1147
18061,487
18063,1549
18065,787
18067,1137
18069,730
18071,788
18073,891
18075,600
18077,465
18079,316
18081,1475
18083,1103
18085,1833
18087,1028
18089,6265
18091,2059
18093,605
18095,1686
18097,11055
18099,1139
18101,276
18103,783
18105,1347
18107,830
18109,833
18111,370
18113,1009
18115,54
18117,382
18119,316
18121,322
18123,386
18125,516
18127,2043
18129,838
18131,456
18133,916
18135,693
18137,588
18139,618
18141,3502
18143,271
18145,840
18147,698
18149,411
18151,911
18153,464
18155,158
18157,2076
18159,352
18161,157
18163,2404
18165,362
18167,2030
18169,828
18171,207
18173,685
18175,461
18177,1221
18179,545
18181,797
18183,593
19001,265
19003,183
19005,377
19007,265
19009,297
19011,555
19013,1593
19015,472
19017,496
19019,554
19021,732
19023,525
19025,500
19027,794
19029,435
19031,526
19033,990
19035,638
19037,438
19039,217
19041,599
19043,596
19045,947
19047,577
19049,815
19051,219
19053,225
19055,641
19057,675
19059,444
19061,1441
19063,391
19065,712
19067,539
19069,674
19071,326
19073,397
19075,417
19077,334
19079,711
19081,516
19083,861
19085,583
19087,411
19089,460
19091,350
19093,352
19095,400
19097,465
19099,746
19101,361
19103,1310
19105,529
19107,426
19109,861
19111,599
19113,2317
19115,354
19117,186
19119,1059
19121,284
19123,579
19125,457
19127,787
19129,240
19131,508
19133,630
19135,182
19137,256
19139,863
19141,721
19143,508
19145,324
19147,642
19149,1021
19151,428
19153,4935
19155,1373
19157,468
19159,205
19161,597
19163,1712
19165,376
19167,1768
19169,1047
19171,424
19173,188
19175,314
19177,235
19179,514
19181,495
19183,667
19185,200
19187,869
19189,368
19191,577
19193,1466
19195,311
19197,530
20001,283
20003,227
20005,290
20007,264
20009,698
20011,304
20013,303
20015,947
20017,236
20019,87
20021,393
20023,161
20025,132
20027,235
20029,256
20031,226
20033,109
20035,534
20037,596
20039,133
20041,400
20043,172
20045,987
20047,154
20049,72
20051,557
20053,206
20055,846
20057,624
20059,434
20061,928
20063,174
20065,147
20067,458
20069,329
20071,146
20073,206
20075,491
20077,270
20079,525
20081,305
20083,140
20085,220
20087,268
20089,110
20091,4764
20093,178
20095,282
20097,186
20099,416
20101,103
20103,811
20105,158
20107,221
20109,175
20111,529
20113,624
20115,284
20117,318
20119,214
20121,378
20123,195
20125,750
20127,159
20129,266
20131,265
20133,400
20135,161
20137,167
20139,283
20141,145
20143,155
20145,204
20147,250
20149,444
20151,328
20153,139
20155,1060
20157,219
20159,356
20161,665
20163,275
20165,158
20167,293
20169,932
20171,224
20173,5661
20175,566
20177,1960
20179,141
20181,252
20183,180
20185,202
20187,95
20189,397
20191,486
20193,315
20195,146
20197,164
20199,83
20201,223
20203,133
20205,241
20207,103
20209,2416
21001,283
21003,195
21005,179
21007,169
21009,421
21011,187
21013,347
21015,1126
21017,186
21019,636
21021,397
21023,112
21025,216
21027,272
21029,678
21031,242
21033,136
21035,397
21037,675
21039,105
21041,217
21043,273
21045,191
21047,585
21049,337
21051,224
21053,159
21055,96
21057,108
21059,1143
21061,163
21063,93
21065,161
21067,1842
21069,193
21071,929
21073,629
21075,129
21077,120
21079,133
21081,151
21083,517
21085,280
21087,138
21089,380
21091,176
21093,984
21095,627
21097,167
21099,318
21101,930
21103,165
21105,80
21107,690
21109,188
21111,5420
21113,344
21115,501
21117,925
21119,369
21121,343
21123,150
21125,546
21127,438
21129,345
21131,320
21133,473
21135,155
21137,164
21139,118
21141,354
21143,91
21145,697
21147,154
21149,292
21151,621
21153,294
21155,231
21157,413
21159,245
21161,201
21163,242
21165,73
21167,186
21169,166
21171,176
21173,257
21175,152
21177,498
21179,416
21181,62
21183,360
21185,570
21187,134
21189,110
21191,204
21193,618
21195,1293
21197,153
21199,618
21201,19
21203,176
21205,311
21207,204
21209,369
21211,441
21213,261
21215,115
21217,262
21219,189
21221,121
21223,115
21225,407
21227,1196
21229,154
21231,312
21233,314
21235,447
21237,186
21239,7364
22001,663
22003,246
22005,1509
22007,345
22009,272
22011,673
22013,1194
22015,1695
22017,2774
22019,2832
22021,96
22023,666
22025,109
22027,570
22029,162
22031,1947
22033,4794
22035,92
22037,150
22039,409
22041,203
22043,118
22045,850
22047,578
22049,579
22051,3218
22053,499
22055,2835
22057,1514
22059,228
22061,796
22063,911
22065,116
22067,198
22069,334
22071,2341
22073,1362
22075,1235
22077,324
22079,1341
22081,404
22083,209
22085,413
22087,445
22089,543
22091,155
22093,334
22095,325
22097,775
22099,585
22101,1018
22103,2363
22105,1255
22107,85
22109,1828
22111,207
22113,942
22115,520
22117,382
22119,853
22121,701
22123,93
22125,98
22127,193
23001,1139
23003,823
23005,2549
23007,294
23009,596
23011,1012
23013,424
23015,301
23017,536
23019,1424
23021,226
23023,262
23025,486
23027,327
23029,513
23031,1359
24001,762
24003,3515
24005,5121
24009,460
24011,358
24013,1047
24015,874
24017,818
24019,434
24021,1665
24023,479
24025,1538
24027,1749
24029,286
24031,4381
24033,4573
24035,436
24037,608
24039,242
24041,481
24043,1228
24045,890
24047,607
24510,5025
25001,2252
25003,1588
25005,5067
25007,309
25009,6485
25011,1047
25013,4790
25015,1413
25017,16369
25019,138
25021,6266
25023,4483
25025,5745
25027,9634
26001,91
26003,105
26005,1033
26007,321
26009,265
26011,183
26013,172
26015,354
26017,770
26019,233
26021,1247
26023,478
26025,1243
26027,362
26029,250
26031,219
26033,299
26035,235
26037,376
26039,214
26041,360
26043,268
26045,689
26047,287
26049,2334
26051,192
26053,245
26055,702
26057,370
26059,399
26061,368
26063,394
26065,1596
26067,354
26069,223
26071,104
26073,538
26075,1047
26077,2015
26079,249
26081,3591
26083,34
26085,144
26087,508
26089,269
26091,631
26093,878
26095,40
26097,112
26099,4356
26101,315
26103,524
26105,271
26107,241
26109,192
26111,491
26113,163
26115,832
26117,361
26119,186
26121,997
26123,221
26125,6930
26127,170
26129,228
26131,140
26133,264
26135,122
26137,560
26139,1377
26141,116
26143,202
26145,1330
26147,1079
26149,765
26151,340
26153,98
26155,413
26157,375
26159,696
26161,1887
26163,9956
26165,280
27001,1140
27003,8432
27005,1937
27007,1959
27009,1851
27011,555
27013,3359
27015,2048
27017,1513
27019,3289
27021,1997
27023,823
27025,1922
27027,2758
27029,466
27031,626
27033,1059
27035,3305
27037,9761
27039,1458
27041,2492
27043,1573
27045,2735
27047,1981
27049,3087
27051,536
27053,28515
27055,1364
27057,1069
27059,1368
27061,2384
27063,1329
27065,749
27067,2553
27069,441
27071,772
27073,738
27075,889
27077,385
27079,1641
27081,876
27083,1659
27085,2079
27087,364
27089,706
27091,1902
27093,1447
27095,1485
27097,2456
27099,2402
27101,1152
27103,1654
27105,1893
27107,574
27109,4921
27111,3542
27113,686
27115,1610
27117,1299
27119,1753
27121,1066
27123,13106
27125,289
27127,1390
27129,1446
27131,3664
27133,1303
27135,815
27137,9952
27139,3941
27141,2828
27143,1596
27145,8490
27147,2126
27149,784
27151,869
27153,2612
27155,347
27157,1686
27159,1081
27161,1115
27163,5906
27165,918
27167,451
27169,2836
27171,4300
27173,1103
28001,560
28003,424
28005,289
28007,278
28009,161
28011,524
28013,217
28015,141
28017,287
28019,168
28021,131
28023,326
28025,316
28027,416
28029,494
28031,455
28033,2253
28035,1192
28037,186
28039,218
28041,193
28043,449
28045,915
28047,2711
28049,3139
28051,308
28053,150
28055,33
28057,273
28059,1658
28061,544
28063,117
28065,208
28067,1177
28069,186
28071,600
28073,858
28075,1231
28077,256
28079,451
28081,1145
28083,482
28085,518
28087,1063
28089,1448
28091,617
28093,507
28095,718
28097,256
28099,604
28101,407
28103,290
28105,532
28107,572
28109,691
28111,210
28113,697
28115,467
28117,359
28119,162
28121,1921
28123,690
28125,129
28127,588
28129,300
28131,241
28133,426
28135,231
28137,319
28139,322
28141,327
28143,241
28145,317
28147,332
28149,758
28151,967
28153,458
28155,137
28157,203
28159,395
28161,222
28163,517
29001,307
29003,180
29005,150
29007,445
29009,692
29011,227
29013,217
29015,410
29017,83
29019,2235
29021,1109
29023,624
29025,131
29027,853
29029,1671
29031,1164
29033,231
29035,93
29037,1261
29039,194
29041,233
29043,912
29045,141
29047,2544
29049,251
29051,1051
29053,370
29055,446
29057,121
29059,150
29061,167
29063,115
29065,247
29067,95
29069,320
29071,1758
29073,409
29075,110
29077,3756
29079,163
29081,190
29083,401
29085,156
29087,164
29089,182
29091,493
29093,219
29095,7078
29097,1447
29099,2374
29101,668
29103,124
29105,380
29107,462
29109,630
29111,200
29113,836
29115,230
29117,262
29119,325
29121,336
29123,214
29125,165
29127,545
29129,72
29131,455
29133,191
29135,213
29137,269
29139,301
29141,553
29143,310
29145,840
29147,289
29149,139
29151,264
29153,127
29155,268
29157,255
29159,670
29161,657
29163,330
29165,1150
29167,357
29169,673
29171,129
29173,199
29175,494
29177,415
29179,142
29181,143
29183,3808
29185,149
29186,312
29187,689
29189,8877
29195,438
29197,65
29199,115
29201,559
29203,122
29205,149
29207,397
29209,933
29211,217
29213,1327
29215,356
29217,366
29219,554
29221,311
29223,212
29225,359
29227,62
29229,312
29510,3736
30001,298
30003,361
30005,193
30007,137
30009,250
30011,51
30013,1317
30015,174
30017,348
30019,45
30021,393
30023,175
30025,239
30027,409
30029,1624
30031,1810
30033,31
30035,539
30037,38
30039,165
30041,354
30043,312
30045,95
30047,700
30049,1534
30051,66
30053,441
30055,81
30057,355
30059,62
30061,117
30063,1700
30065,125
30067,441
30069,16
30071,110
30073,173
30075,118
30077,163
30079,41
30081,517
30083,857
30085,397
30087,307
30089,289
30091,191
30093,706
30095,172
30097,101
30099,145
30101,239
30103,21
30105,258
30107,260
30109,46
30111,2414
31001,699
31003,508
31005,19
31007,132
31009,60
31011,431
31013,266
31015,129
31017,149
31019,874
31021,394
31023,414
31025,608
31027,616
31029,235
31031,199
31033,557
31035,425
31037,392
31039,871
31041,473
31043,396
31045,190
31047,846
31049,107
31051,274
31053,848
31055,4848
31057,207
31059,437
31061,187
31063,96
31065,351
31067,947
31069,119
31071,84
31073,127
31075,30
31077,172
31079,1193
31081,493
31083,212
31085,35
31087,194
31089,538
31091,22
31093,323
31095,379
31097,252
31099,311
31101,289
31103,33
31105,237
31107,584
31109,3376
31111,889
31113,23
31115,71
31117,21
31119,873
31121,408
31123,271
31125,118
31127,284
31129,272
31131,522
31133,217
31135,185
31137,365
31139,432
31141,954
31143,350
31145,342
31147,373
31149,67
31151,406
31153,1325
31155,667
31157,1409
31159,661
31161,171
31163,185
31165,70
31167,334
31169,294
31171,71
31173,252
31175,323
31177,469
31179,433
31181,136
31183,108
31185,581
32001,304
32003,6749
32005,488
32007,695
32009,62
32011,116
32013,298
32015,173
32017,112
32019,637
32021,186
32023,500
32027,221
32029,140
32031,3083
32033,184
32510,607
33001,1444
33003,1327
33005,1527
33007,964
33009,2298
33011,6279
33013,2956
33015,6031
33017,1817
33019,930
34001,14164
34003,33524
34005,15725
34007,14783
34009,8979
34011,5996
34013,28453
34015,10780
34017,20005
34019,8965
34021,12189
34023,27104
34025,30350
34027,27003
34029,31520
34031,17838
34033,3532
34035,13969
34037,11162
34039,21122
34041,5533
35001,5263
35003,120
35005,890
35006,457
35007,335
35009,608
35011,41
35013,1788
35015,4467
35017,401
35019,170
35021,45
35023,165
35025,3559
35027,359
35028,241
35029,324
35031,1232
35033,84
35035,598
35037,275
35039,672
35041,390
35043,1025
35045,2881
35047,391
35049,1654
35051,244
35053,339
35055,450
35057,272
35059,133
35061,532
36001,3772
36003,1625
36005,6483
36007,2466
36009,2313
36011,2160
36013,3123
36015,1160
36017,1166
36019,2335
36021,2075
36023,1180
36025,4786
36027,3899
36029,8955
36031,2203
36033,1600
36035,1278
36037,974
36039,2160
36041,978
36043,1931
36045,4898
36047,14937
36049,860
36051,1357
36053,2410
36055,6772
36057,803
36059,12350
36061,14257
36063,2978
36065,3381
36067,6215
36069,2265
36071,4757
36073,1174
36075,2711
36077,2995
36079,1608
36081,15998
36083,2315
36085,5049
36087,2484
36089,3104
36091,3587
36093,1527
36095,1196
36097,724
36099,1042
36101,2445
36103,30296
36105,2588
36107,912
36109,1512
36111,3911
36113,2315
36115,1476
36117,2108
36119,9430
36121,1164
36123,1245
37001,1303
37003,328
37005,118
37007,260
37009,281
37011,236
37013,570
37015,244
37017,380
37019,1111
37021,1929
37023,889
37025,1283
37027,791
37029,110
37031,758
37033,207
37035,1991
37037,1296
37039,258
37041,175
37043,84
37045,909
37047,724
37049,752
37051,1998
37053,296
37055,387
37057,1453
37059,362
37061,576
37063,2571
37065,562
37067,2819
37069,521
37071,1903
37073,67
37075,102
37077,484
37079,222
37081,4068
37083,635
37085,775
37087,597
37089,829
37091,273
37093,258
37095,85
37097,1562
37099,417
37101,1396
37103,155
37105,639
37107,698
37109,765
37111,465
37113,385
37115,222
37117,334
37119,5980
37121,266
37123,310
37125,873
37127,1042
37129,1694
37131,273
37133,1100
37135,866
37137,151
37139,337
37141,444
37143,128
37145,459
37147,1098
37149,193
37151,1300
37153,428
37155,943
37157,1141
37159,1365
37161,672
37163,818
37165,378
37167,636
37169,376
37171,867
37173,270
37175,326
37177,47
37179,1235
37181,456
37183,5927
37185,223
37187,203
37189,467
37191,921
37193,766
37195,861
37197,372
37199,157
38001,20
38003,355
38005,294
38007,107
38009,229
38011,138
38013,148
38015,957
38017,1837
38019,201
38021,195
38023,120
38025,760
38027,89
38029,131
38031,114
38033,77
38035,843
38037,96
38039,118
38041,82
38043,89
38045,197
38047,90
38049,186
38051,109
38053,1297
38055,365
38057,212
38059,495
38061,628
38063,166
38065,65
38067,287
38069,112
38071,299
38073,169
38075,105
38077,459
38079,231
38081,142
38083,55
38085,169
38087,20
38089,681
38091,90
38093,567
38095,112
38097,205
38099,335
38101,969
38103,937
38105,1048
39001,190
39003,1020
39005,491
39007,1055
39009,413
39011,465
39013,850
39015,209
39017,1945
39019,451
39021,310
39023,1035
39025,810
39027,379
39029,1033
39031,369
39033,427
39035,9421
39037,578
39039,408
39041,642
39043,713
39045,737
39047,276
39049,5745
39051,491
39053,280
39055,907
39057,966
39059,630
39061,5203
39063,746
39065,339
39067,440
39069,362
39071,279
39073,266
39075,568
39077,574
39079,319
39081,757
39083,563
39085,1690
39087,447
39089,1244
39091,478
39093,1844
39095,3510
39097,381
39099,1788
39101,570
39103,1129
39105,226
39107,472
39109,919
39111,342
39113,3441
39115,190
39117,272
39119,766
39121,203
39123,641
39125,230
39127,351
39129,408
39131,218
39133,1567
39135,332
39137,379
39139,1181
39141,468
39143,741
39145,496
39147,618
39149,529
39151,2768
39153,4221
39155,1621
39157,1029
39159,387
39161,313
39163,150
39165,969
39167,808
39169,1133
39171,558
39173,1209
39175,321
40001,90
40003,886
40005,118
40007,479
40009,519
40011,1073
40013,251
40015,524
40017,1442
40019,874
40021,172
40023,75
40025,42
40027,565
40029,260
40031,367
40033,80
40035,109
40037,561
40039,566
40041,163
40043,674
40045,834
40047,729
40049,464
40051,1244
40053,442
40055,32
40057,25
40059,85
40061,203
40063,522
40065,135
40067,56
40069,165
40071,649
40073,1298
40075,112
40077,251
40079,310
40081,352
40083,533
40085,128
40087,718
40089,147
40091,140
40093,416
40095,214
40097,246
40099,107
40101,319
40103,195
40105,98
40107,136
40109,3252
40111,324
40113,3679
40115,211
40117,311
40119,496
40121,734
40123,310
40125,508
40127,76
40129,795
40131,385
40133,386
40135,174
40137,689
40139,434
40141,88
40143,2953
40145,229
40147,385
40149,472
40151,911
40153,333
41001,392
41003,915
41005,5918
41007,746
41009,648
41011,830
41013,323
41015,261
41017,1295
41019,1292
41021,105
41023,244
41025,175
41027,465
41029,2152
41031,292
41033,774
41035,1009
41037,254
41039,3683
41041,707
41043,1404
41045,530
41047,4107
41049,217
41051,23709
41053,803
41055,116
41057,581
41059,1080
41061,412
41063,155
41065,475
41067,6255
41069,62
41071,1183
42001,717
42003,7064
42005,648
42007,1217
42009,533
42011,2952
42013,963
42015,868
42017,4144
42019,1632
42021,1039
42023,103
42025,377
42027,930
42029,3123
42031,447
42033,858
42035,351
42037,581
42039,1114
42041,1468
42043,1658
42045,2582
42047,404
42049,2262
42051,939
42053,139
42055,1158
42057,130
42059,555
42061,309
42063,886
42065,510
42067,167
42069,1315
42071,3521
42073,788
42075,987
42077,2205
42079,2285
42081,1282
42083,552
42085,1318
42087,477
42089,949
42091,5071
42093,176
42095,1683
42097,751
42099,300
42101,5143
42103,309
42105,240
42107,1288
42109,376
42111,964
42113,93
42115,740
42117,558
42119,360
42121,523
42123,715
42125,1895
42127,395
42129,2635
42131,303
42133,2820
44001,699
44003,2601
44005,1250
44007,10206
44009,1936
45001,299
45003,1685
45005,231
45007,2164
45009,238
45011,335
45013,1939
45015,1989
45017,213
45019,5503
45021,711
45023,578
45025,656
45027,540
45029,633
45031,803
45033,422
45035,1176
45037,332
45039,361
45041,1838
45043,886
45045,5190
45047,979
45049,327
45051,3801
45053,582
45055,722
45057,876
45059,944
45061,299
45063,3673
45065,182
45067,397
45069,346
45071,618
45073,850
45075,1199
45077,1221
45079,3894
45081,263
45083,4042
45085,1211
45087,350
45089,1473
45091,3094
46003,33
46005,179
46007,33
46009,44
46011,352
46013,339
46015,53
46017,50
46019,64
46021,14
46023,145
46025,43
46027,79
46029,266
46031,108
46033,81
46035,162
46037,103
46039,70
46041,210
46043,34
46045,50
46047,66
46049,28
46051,109
46053,37
46055,28
46057,53
46059,38
46061,24
46063,57
46065,186
46067,66
46069,43
46071,37
46073,23
46075,21
46077,85
46079,117
46081,328
46083,250
46085,96
46087,61
46089,16
46091,44
46093,203
46095,33
46097,26
46099,1144
46101,95
46103,772
46105,89
46107,42
46109,106
46111,24
46115,82
46117,29
46119,26
46121,173
46123,79
46125,74
46127,120
46129,53
46135,217
46137,48
47001,382
47003,260
47005,118
47007,70
47009,427
47011,463
47013,202
47015,54
47017,153
47019,247
47021,139
47023,62
47025,195
47027,53
47029,140
47031,304
47033,86
47035,293
47037,3936
47039,97
47041,87
47043,266
47045,229
47047,215
47049,69
47051,207
47053,312
47055,152
47057,79
47059,399
47061,73
47063,370
47065,2253
47067,25
47069,150
47071,184
47073,249
47075,121
47077,147
47079,221
47081,110
47083,42
47085,144
47087,43
47089,200
47091,96
47093,1827
47095,24
47097,118
47099,223
47101,43
47103,140
47105,245
47107,414
47109,148
47111,87
47113,568
47115,212
47117,236
47119,537
47121,51
47123,198
47125,602
47127,37
47129,74
47131,220
47133,104
47135,56
47137,34
47139,99
47141,370
47143,184
47145,294
47147,347
47149,1162
47151,116
47153,95
47155,386
47157,3810
47159,108
47161,67
47163,742
47165,823
47167,190
47169,48
47171,104
47173,76
47175,40
47177,359
47179,646
47181,113
47183,205
47185,111
47187,1143
47189,623
48001,429
48003,802
48005,786
48007,209
48009,160
48011,49
48013,535
48015,398
48017,221
48019,206
48021,661
48023,75
48025,326
48027,1999
48029,11285
48031,170
48033,80
48035,201
48037,750
48039,3095
48041,1539
48043,159
48045,56
48047,164
48049,364
48051,329
48053,489
48055,455
48057,313
48059,383
48061,2518
48063,200
48065,223
48067,290
48069,254
48071,865
48073,548
48075,91
48077,127
48079,179
48081,91
48083,162
48085,5758
48087,50
48089,381
48091,1546
48093,254
48095,88
48097,470
48099,418
48101,60
48103,367
48105,243
48107,83
48109,110
48111,261
48113,15192
48115,382
48117,392
48119,81
48121,5450
48123,733
48125,72
48127,851
48129,67
48131,257
48133,413
48135,2272
48137,62
48139,1715
48141,4837
48143,613
48145,359
48147,311
48149,447
48151,100
48153,137
48155,38
48157,4625
48159,181
48161,1207
48163,278
48165,449
48167,2606
48169,154
48171,308
48173,316
48175,150
48177,401
48179,374
48181,1333
48183,1705
48185,377
48187,1069
48189,461
48191,67
48193,144
48195,336
48197,93
48199,737
48201,31688
48203,981
48205,143
48207,141
48209,2213
48211,658
48213,748
48215,3557
48217,517
48219,636
48221,743
48223,566
48225,300
48227,1056
48229,85
48231,830
48233,415
48235,196
48237,232
48239,335
48241,441
48243,36
48245,3110
48247,90
48249,440
48251,2635
48253,279
48255,690
48257,1269
48259,458
48261,65
48263,553
48265,479
48267,143
48269,38
48271,62
48273,299
48275,138
48277,451
48279,246
48281,188
48283,608
48285,327
48287,232
48289,552
48291,929
48293,580
48295,226
48297,372
48299,239
48301,423
48303,3189
48305,131
48307,199
48309,2288
48311,355
48313,167
48315,147
48317,822
48319,86
48321,557
48323,321
48325,536
48327,58
48329,1887
48331,285
48333,77
48335,187
48337,366
48339,4325
48341,527
48343,140
48345,43
48347,846
48349,640
48351,166
48353,359
48355,2744
48357,794
48359,83
48361,1117
48363,420
48365,706
48367,1668
48369,268
48371,885
48373,516
48375,1094
48377,98
48379,120
48381,934
48383,305
48385,53
48387,153
48389,1468
48391,250
48393,125
48395,553
48397,768
48399,196
48401,735
48403,160
48405,153
48407,203
48409,760
48411,75
48413,107
48415,503
48417,130
48419,526
48421,173
48423,2229
48425,168
48427,409
48429,215
48431,123
48433,43
48435,228
48437,118
48439,13524
48441,1376
48443,45
48445,240
48447,70
48449,309
48451,1221
48453,6912
48455,148
48457,272
48459,488
48461,371
48463,320
48465,364
48467,414
48469,780
48471,508
48473,531
48475,730
48477,306
48479,2341
48481,711
48483,714
48485,1019
48487,203
48489,222
48491,4763
48493,268
48495,465
48497,1443
48499,453
48501,378
48503,303
48505,307
48507,202
49001,197
49003,698
49005,1294
49007,504
49009,51
49011,1932
49013,1862
49015,274
49017,165
49019,363
49021,602
49023,200
49025,133
49027,292
49029,181
49031,17
49033,79
49035,10511
49037,451
49039,263
49041,409
49043,886
49045,709
49047,6160
49049,4568
49051,513
49053,2001
49055,112
49057,2514
50001,432
50003,493
50005,410
50007,1502
50009,81
50011,505
50013,92
50015,310
50017,313
50019,319
50021,779
50023,761
50025,693
50027,750
51001,222
51003,539
51005,153
51007,79
51009,131
51011,79
51013,743
51015,444
51017,68
51019,368
51021,52
51023,248
51025,91
51027,310
51029,89
51031,286
51033,169
51035,139
51036,78
51037,86
51041,1230
51043,74
51045,24
51047,314
51049,37
51051,178
51053,131
51057,69
51059,2476
51061,486
51063,64
51065,183
51067,210
51069,487
51071,103
51073,171
51075,283
51077,77
51079,84
51081,143
51083,275
51085,716
51087,1121
51089,311
51091,27
51093,183
51095,224
51097,42
51099,119
51101,105
51103,92
51105,125
51107,1420
51109,232
51111,66
51113,68
51115,47
51117,265
51119,72
51121,373
51125,108
51127,138
51131,113
51133,76
51135,122
51137,190
51139,154
51141,95
51143,252
51145,117
51147,154
51149,168
51153,1244
51155,239
51157,36
51159,76
51161,381
51163,189
51165,656
51167,205
51169,119
51171,310
51173,272
51175,113
51177,545
51179,494
51181,59
51183,113
51185,358
51187,226
51191,332
51193,80
51195,381
51197,249
51199,248
51510,534
51520,176
51530,38
51540,232
51550,1040
51570,65
51580,57
51590,311
51600,137
51610,60
51620,53
51630,183
51640,83
51650,465
51660,312
51670,140
51678,26
51680,566
51683,231
51685,70
51690,149
51700,631
51710,1184
51720,83
51730,220
51735,30
51740,491
51750,95
51760,1364
51770,633
51775,242
51790,179
51800,528
51810,1161
51820,184
51830,113
51840,237
53001,481
53003,200
53005,1635
53007,1283
53009,1096
53011,3552
53013,129
53015,1442
53017,626
53019,172
53021,1010
53023,84
53025,1639
53027,1302
53029,743
53031,492
53033,18044
53035,2549
53037,940
53039,494
53041,1428
53043,400
53045,746
53047,865
53049,449
53051,256
53053,8073
53055,504
53057,2100
53059,233
53061,6155
53063,5242
53065,758
53067,2463
53069,98
53071,919
53073,3407
53075,796
53077,2816
54001,258
54003,1017
54005,518
54007,307
54009,360
54011,949
54013,104
54015,162
54017,338
54019,800
54021,163
54023,218
54025,559
54027,352
54029,313
54031,266
54033,1479
54035,448
54037,612
54039,2688
54041,471
54043,346
54045,619
54047,480
54049,1057
54051,667
54053,319
54055,579
54057,342
54059,496
54061,1764
54063,134
54065,173
54067,461
54069,580
54071,155
54073,180
54075,225
54077,589
54079,787
54081,997
54083,571
54085,253
54087,283
54089,182
54091,318
54093,270
54095,197
54097,576
54099,748
54101,128
54103,467
54105,104
54107,1128
54109,464
55001,289
55003,338
55005,687
55007,415
55009,1647
55011,209
55013,345
55015,303
55017,848
55019,363
55021,521
55023,196
55025,2353
55027,669
55029,725
55031,856
55033,439
55035,654
55037,83
55039,817
55041,158
55043,408
55045,228
55047,239
55049,209
55051,163
55053,275
55055,756
55057,342
55059,1010
55061,252
55063,783
55065,153
55067,283
55069,310
55071,775
55073,1251
55075,547
55077,252
55078,70
55079,5248
55081,389
55083,420
55085,719
55087,1123
55089,901
55091,85
55093,397
55095,682
55097,594
55099,274
55101,1238
55103,191
55105,1019
55107,286
55109,915
55111,569
55113,445
55115,386
55117,978
55119,215
55121,355
55123,261
55125,702
55127,964
55129,375
55131,1038
55133,3378
55135,570
55137,811
55139,1209
55141,704
56001,875
56003,521
56005,2816
56007,1552
56009,1860
56011,271
56013,3473
56015,400
56017,234
56019,672
56021,2642
56023,1218
56025,2405
56027,281
56029,1184
56031,459
56033,866
56035,1445
56037,1826
56039,687
56041,880
56043,448
56045,315
