comid,s2
10106697,9830958915368517632
10107049,9831062166382313472
10108619,9830897480156315648
10161556,9829703651046719488
10161556,9829703754125934592
10161558,9829703651046719488
10161558,9829703754125934592
10161578,9829703754125934592
10161614,9829704716198608896
10161614,9829705369033637888
10161812,9829703651046719488
10163474,9829532230312001536
10163532,9829531371318542336
10163536,9829531371318542336
10163538,9829531474397757440
10163574,9829510549317091328
10163594,9829509003128864768
10163596,9829509003128864768
10163606,9829510549317091328
10163614,9829509003128864768
10163668,9829559305785835520
10163680,9829559374505312256
10163680,9829561951485689856
10163680,9829562020205166592
10163680,9829562054564904960
10163680,9829562192003858432
10163686,9829562432522027008
10163710,9829516837149212672
10163710,9829516871508951040
10163710,9829516905868689408
10163710,9829561745327259648
10163710,9829563360234962944
10163710,9829563394594701312
10163726,9829562535601242112
10163726,9829563188436271104
10163728,9829516287393398784
10163730,9829513950931189760
10163732,9829516630990782464
10163732,9829563085357056000
10163734,9829516493551828992
10163734,9829516527911567360
10163734,9829516630990782464
10163736,9829399429923209216
10163736,9829399533002424320
10163744,9829399636081639424
10163744,9829399670441377792
10163744,9829399807880331264
10163744,9829399842240069632
10163744,9829399876599808000
10163744,9829400254556930048
10163744,9829400426355621888
10163746,9829399017606348800
10163746,9829400426355621888
10163746,9829400460715360256
10163746,9829400495075098624
10163776,9829413105099079680
10163778,9829413105099079680
10163780,9829413070739341312
10163788,9829413036379602944
10163788,9829413070739341312
10163788,9829413105099079680
10163872,9829562982277840896
10163872,9829563154076532736
10163872,9829563188436271104
10163874,9829516630990782464
10163874,9829516699710259200
10163874,9829563188436271104
10163874,9829563325875224576
10163874,9829563428954439680
10163874,9829563463314178048
10163884,9829513950931189760
10163886,9829400185837453312
10163886,9829400254556930048
10163886,9829400288916668416
10163886,9829400426355621888
10163886,9829401422788034560
10163886,9829401457147772928
10163886,9829401491507511296
10163886,9829401525867249664
10163886,9829401766385418240
10163886,9829402144342540288
10163886,9829402178702278656
10163886,9829513916571451392
10163886,9829513950931189760
10163944,9829531371318542336
10163946,9829531371318542336
10163946,9829531474397757440
10182249,9828933340072247296
10182255,9828933340072247296
10186650,9825951773775364096
10186652,9825951601976672256
10186654,9825951601976672256
10186662,9825951705055887360
10186666,9825951705055887360
10186668,9825951601976672256
10186674,9825928065555890176
10186680,9825928065555890176
10186682,9825928065555890176
10186688,9825926691166355456
10186688,9825926725526093824
10186690,9825926725526093824
10186694,9825926725526093824
10186698,9825926725526093824
10186704,9825928065555890176
10186722,9825952598409084928
10186726,9825928374793535488
10186730,9825949883989753856
10186732,9825928443513012224
10186734,9825950055788445696
10186734,9825952598409084928
10186740,9825950708623474688
10186742,9825929130707779584
10186742,9825929165067517952
10186744,9825929130707779584
10186746,9825950055788445696
10186750,9825929130707779584
10186750,9825929165067517952
10186752,9825950021428707328
10186756,9825929130707779584
10186764,9825950021428707328
10186764,9825950055788445696
10186766,9825950296306614272
10186766,9825950330666352640
10186768,9825950296306614272
10186770,9825950330666352640
10186770,9825950433745567744
10186772,9825950296306614272
10186772,9825950330666352640
10186794,9825928787110395904
10186908,9818748014108344320
10186910,9818748014108344320
10186912,9818748014108344320
10186914,9818747876669390848
10186916,9818747876669390848
10186918,9825952048653271040
10186920,9825952048653271040
10186922,9825953663560974336
10186924,9825953663560974336
10186928,9825952048653271040
10186932,9825953663560974336
10186934,9825953663560974336
10186936,9825953491762282496
10186938,9825953663560974336
10186938,9825953732280451072
10186940,9825953423042805760
10186940,9825953491762282496
10186940,9825953800999927808
10186942,9825954144597311488
10186944,9825953938438881280
10186944,9825954350755741696
10186944,9825954385115480064
10186950,9825953457402544128
10186966,9825953938438881280
10186966,9825954591273910272
10186968,9825959917033357312
10186968,9825959951393095680
10186970,9825954419475218432
10186970,9825954453834956800
10186976,9825954453834956800
10186978,9825959917033357312
10186980,9825954591273910272
10186980,9825954659993387008
10186980,9825954694353125376
10186982,9825953010725945344
10186982,9825954659993387008
10186982,9825954763072602112
10186984,9825953010725945344
10186986,9825953010725945344
10186988,9825953010725945344
10186990,9825959435997020160
10186992,9825953319963590656
10187002,9825959435997020160
10187004,9825954763072602112
10187006,9825953010725945344
10187006,9825954763072602112
10187014,9825952942006468608
10187022,9825949883989753856
10187024,9825949849630015488
10187024,9825949883989753856
10187024,9825955725145276416
10187026,9825955725145276416
10187028,9825955725145276416
10187030,9825955725145276416
10187036,9825958680082776064
10187042,9825949815270277120
10187042,9825949849630015488
10187042,9825955725145276416
10187044,9825958783161991168
10187048,9825949815270277120
10187054,9825955725145276416
10187056,9825956034382921728
10187060,9825956034382921728
10187062,9825955415907631104
10187062,9825955518986846208
10187062,9825956034382921728
10187064,9825958370845130752
10187064,9825958783161991168
10187066,9825958370845130752
10187070,9825949815270277120
10187074,9825956034382921728
10187076,9825958370845130752
10187078,9825958370845130752
10187084,9825956034382921728
10187086,9825956034382921728
10187090,9825958370845130752
10187110,9825958095967223808
10187112,9825958095967223808
10187118,9825955896943968256
10187118,9825956274901090304
10187120,9825958095967223808
10187128,9825957408772456448
10187130,9825957408772456448
10187132,9825956034382921728
10187138,9825958095967223808
10187144,9825956274901090304
10187150,9825955896943968256
10187150,9825956274901090304
10187152,9825956274901090304
10187154,9825957408772456448
10187178,9825958095967223808
10187200,9825953010725945344
10187200,9825953113805160448
10187782,9825946448015917056
10187782,9825946482375655424
10187800,9825946482375655424
10187814,9825946482375655424
10187816,9825946482375655424
10187818,9825946482375655424
10187866,9825946619814608896
10187874,9825946551095132160
10187874,9825946585454870528
10187874,9825947238289899520
10187876,9825946585454870528
10187876,9825946619814608896
10187876,9825947238289899520
10187924,9825946551095132160
10187924,9825947238289899520
10187924,9825947307009376256
10187926,9825946585454870528
10187926,9825947238289899520
10187948,9825913015990484992
10187962,9825910061052985344
10187964,9825910061052985344
10187966,9825934078510104576
10187968,9825934044150366208
10187968,9825934078510104576
10187970,9825910061052985344
10187986,9825912741112578048
10187986,9825912912911269888
10187988,9825946619814608896
10187988,9825946791613300736
10187998,9825912912911269888
10188006,9825947203930161152
10188006,9825947238289899520
10188022,9825934078510104576
10188054,9825947307009376256
10188070,9825912775472316416
10188070,9825912912911269888
10188090,9825909133340049408
10188090,9825910713888014336
10188128,9825910061052985344
10188152,9825912088277549056
10188200,9825934525186703360
10188200,9825934559546441728
10188202,9825934525186703360
10188202,9825934559546441728
10188292,9825935246741209088
10188294,9825935246741209088
10188316,9825935246741209088
10188320,9825935246741209088
10188368,9825935246741209088
10188372,9825935865216499712
10188374,9825934525186703360
10188374,9825935865216499712
10188392,9825935246741209088
10188392,9825935281100947456
10188392,9825935315460685824
10188398,9825935246741209088
10188398,9825935281100947456
10188408,9825912328795717632
10188410,9825912328795717632
10188420,9825935865216499712
10188456,9825938064239755264
10188472,9825935281100947456
10188472,9825935315460685824
10188516,9825938029880016896
10188516,9825938201678708736
10188516,9825938236038447104
10188520,9825938029880016896
10188520,9825938064239755264
10188598,9825905250689613824
10188598,9825905353768828928
10188598,9825905388128567296
10188600,9825905353768828928
10188600,9825905388128567296
10188624,9825938029880016896
10188636,9825905078890921984
10188710,9825905078890921984
10188720,9825905078890921984
10188720,9825905491207782400
10188722,9825905388128567296
10188722,9825905491207782400
10188774,9825905491207782400
10188774,9825906247122026496
10188776,9825906247122026496
10188788,9825906934316793856
10188804,9825906178402549760
10188808,9825906075323334656
10188808,9825906178402549760
10188808,9825906796877840384
10188846,9825906247122026496
10188936,9825906556359671808
10188936,9825906590719410176
10188956,9825906899957055488
10188956,9825907003036270592
10188956,9825907140475224064
10188964,9825904494775369728
10188964,9825904529135108096
10188964,9825904872732491776
10188966,9825904494775369728
10188966,9825904529135108096
10189022,9825904529135108096
10189024,9825904529135108096
10189074,9825903876300079104
10189074,9825903910659817472
10189074,9825904529135108096
10189076,9825903841940340736
10189076,9825903876300079104
10189082,9825903635781910528
10189090,9825896351517376512
10189090,9825896385877114880
10189092,9825896385877114880
10189092,9825903635781910528
10189098,9825903635781910528
10189098,9825903841940340736
10189098,9825903876300079104
10189154,9825896385877114880
10189154,9825896454596591616
10189156,9825896454596591616
10189170,9825895183286272000
10189178,9825895183286272000
10189190,9825895183286272000
10189268,9825903120385835008
10189268,9825903463983218688
10189270,9825903120385835008
10189282,9825896866913452032
10189282,9825897416669265920
10189284,9825897416669265920
10189304,9825897416669265920
10189306,9825897416669265920
10189316,9825903120385835008
10189352,9825554369041399808
10189354,9825554369041399808
10189360,9825554369041399808
10189366,9825902467550806016
10189372,9825554369041399808
10189378,9825902467550806016
10189396,9825902295752114176
10189396,9825902467550806016
10189414,9825897382309527552
10189414,9825897416669265920
10189416,9825902776788451328
10189418,9825902776788451328
10189420,9825902776788451328
10189426,9825554162882969600
10189432,9825902776788451328
10189434,9825554162882969600
10189436,9825554369041399808
10189462,9825554094163492864
10189462,9825554128523231232
10189462,9825554162882969600
10189470,9825554094163492864
10189478,9825902295752114176
10189478,9825902330111852544
10189496,9825902708068974592
10189496,9825902742428712960
10189496,9825902776788451328
10189498,9825554231602446336
10189502,9825902192672899072
10189502,9825902261392375808
10189502,9825902295752114176
10189508,9825899959289905152
10189514,9825900199808073728
10189514,9825902776788451328
10189524,9825888345698336768
10189532,9825554094163492864
10189546,9825902192672899072
10189554,9825900440326242304
10189556,9825900440326242304
10189568,9825900440326242304
10189580,9825901780356038656
10189584,9825889479569702912
10189586,9825901161880748032
10189586,9825901780356038656
10189588,9825900440326242304
10189592,9825901127521009664
10189594,9825901127521009664
10189594,9825901161880748032
10189596,9825889479569702912
10189598,9825889479569702912
10189602,9825901093161271296
10189602,9825901127521009664
10189604,9825901093161271296
10189608,9825901093161271296
10189610,9825901058801532928
10189610,9825901093161271296
10189612,9825901780356038656
10189618,9825889445209964544
10189618,9825889479569702912
10189622,9825901161880748032
10189634,9825901093161271296
10189634,9825901127521009664
10189636,9825886833869848576
10189640,9825886833869848576
10189642,9825898653619847168
10189644,9825898997217230848
10189646,9825901093161271296
10189654,9825898653619847168
10189654,9825898687979585536
10189662,9825875082839326720
10189662,9825886833869848576
10189676,9825875082839326720
10189676,9825886799510110208
10189680,9825874945400373248
10189680,9825875048479588352
10189680,9825898687979585536
10189682,9825874533083512832
10189698,9825874533083512832
10189700,9825875014119849984
10189700,9825875048479588352
10189706,9825875014119849984
10189712,9825874533083512832
10189714,9825884222529732608
10189716,9825884222529732608
10189720,9825884222529732608
10189726,9825886318473773056
10189736,9825886318473773056
10189774,9825886318473773056
10189892,9825910061052985344
10189904,9825907793310253056
10189952,9825895183286272000
10189954,9825895080207056896
10189954,9825895183286272000
10189956,9825896454596591616
10189958,9825903120385835008
10189962,9825903463983218688
10189968,9825552891572649984
10189998,9825896866913452032
10190012,9825894839688888320
10190012,9825894908408365056
10190012,9825897691547172864
10190014,9825896866913452032
10190014,9825896969992667136
10190030,9825900440326242304
10190032,9825898653619847168
10190034,9825898687979585536
10190036,9825875048479588352
10190036,9825875082839326720
10190038,9825875014119849984
10190040,9825875014119849984
10190258,9825945314144550912
10190262,9825945314144550912
10190274,9825945314144550912
10190274,9825945348504289280
10190276,9825945314144550912
10190286,9825946619814608896
10190286,9825946722893824000
10190288,9825945863900364800
10190290,9825945245425074176
10190292,9825946722893824000
10190296,9825946722893824000
10190300,9825945863900364800
10190306,9825945863900364800
10190308,9825946619814608896
10190308,9825946722893824000
10190324,9825946722893824000
10190332,9825970087515914240
10190334,9825944901827690496
10190334,9825969503400361984
10190394,9825970328034082816
10190426,9825973523489751040
10190434,9825973832727396352
10190446,9825970328034082816
10190478,9825973523489751040
10190478,9825973832727396352
10191842,9825945245425074176
10191842,9825945314144550912
10191842,9825945348504289280
10191844,9825945245425074176
10204849,9805212819811991552
10263714,9829543946982785024
10263716,9829543946982785024
10263726,9829543946982785024
10263728,9829546352164470784
10263728,9829547726554005504
10263776,9829549891217522688
10263792,9829547004999499776
10263818,9829556488287289344
10263818,9829557141122318336
10263886,9829555629293830144
10263896,9829555629293830144
10263938,9829596586101964800
10263946,9829562844838887424
10263946,9829565731056910336
10263946,9829565765416648704
10263946,9829566040294555648
10263966,9829566040294555648
10263994,9829565112581619712
10263994,9829565146941358080
10264004,9829399120685563904
10264004,9829399155045302272
10264012,9829565146941358080
10264014,9829563909990776832
10264014,9829564700264759296
10264014,9829564768984236032
10264014,9829565421819265024
10264014,9829565593617956864
10264020,9829567311604875264
10264032,9829398089893412864
10264032,9829400666873790464
10264050,9829567311604875264
10264056,9829398536570011648
10264056,9829398639649226752
10264076,9829564356667375616
10264076,9829571572212432896
10264076,9829571606572171264
10264078,9829398536570011648
10264088,9829398192972627968
10264088,9829398227332366336
10264088,9829398261692104704
10264104,9829593734243680256
10264114,9829407092144865280
10264116,9829407092144865280
10264118,9829398261692104704
10264124,9829407092144865280
10264126,9829570713218973696
10264126,9829570747578712064
10264128,9829570713218973696
10264128,9829570747578712064
10264130,9829571262974787584
10264144,9829397437058383872
10264144,9829397540137598976
10264150,9829397299619430400
10264150,9829397437058383872
10264154,9829592359854145536
10264154,9829592394213883904
10264156,9829592394213883904
10264156,9829594215280017408
10264156,9829594249639755776
10264178,9829405580316377088
10264178,9829407126504603648
10264186,9829413483056201728
10264198,9829397162180476928
10264198,9829397265259692032
10264204,9829413036379602944
10264204,9829413483056201728
10264216,9829396852942831616
10264224,9829571812730601472
10264234,9829591741378854912
10264240,9829394379041669120
10264240,9829397162180476928
10264242,9829572912242229248
10264242,9829572946601967616
10264250,9829393794926116864
10264250,9829394172883238912
10264262,9829393863645593600
10264262,9829393966724808704
10264270,9829415888237887488
10264274,9829415888237887488
10264282,9829394104163762176
10264282,9829394172883238912
10264282,9829404583883964416
10264284,9829394104163762176
10264284,9829394172883238912
10264286,9829572534285107200
10264288,9829395959589634048
10264288,9829572534285107200
10264314,9829393176450826240
10264316,9829393176450826240
10264324,9829413483056201728
10264324,9829415888237887488
10264326,9829393966724808704
10264336,9829393142091087872
10264336,9829393176450826240
10264340,9829580093427548160
10264340,9829580127787286528
10264340,9829580677543100416
10264342,9829581296018391040
10264398,9829392489256058880
10264398,9829392661054750720
10264398,9829393107731349504
10264504,9829555182617231360
10264504,9829555629293830144
10264504,9829555835452260352
10264512,9829566040294555648
10264512,9829566074654294016
10264524,9829403106415214592
10264524,9829403587451551744
10264532,9829407092144865280
10264532,9829407126504603648
10264536,9829568308037287936
10264538,9829568308037287936
10264544,9829570713218973696
10264548,9829415888237887488
10264560,9829392661054750720
10264560,9829393107731349504
10264596,9829399120685563904
10264606,9829396852942831616
10264608,9829396818583093248
10264608,9829396852942831616
10264610,9829396852942831616
10264760,9818555221616361472
10264760,9818555255976099840
10264760,9818555324695576576
10264760,9818555359055314944
10265430,9829392111298936832
10265430,9829392557975535616
10265536,9829392042579460096
10265538,9829392042579460096
10265538,9829392111298936832
10265540,9829392042579460096
10265572,9829388537886146560
10265586,9829392042579460096
10265616,9829392042579460096
10265686,9829587686929727488
10265832,9829611429508939776
10265856,9829610123838881792
10265872,9829610192558358528
10265872,9829610329997312000
10265888,9829610192558358528
10265922,9829611395149201408
10265928,9829610123838881792
10265940,9829610123838881792
10265940,9829610879753125888
10265948,9829611395149201408
10265948,9829611429508939776
10265990,9829586553058361344
10265992,9829611395149201408
10266002,9829587686929727488
10266002,9829610329997312000
10266034,9829586553058361344
10266044,9829610879753125888
10266056,9829586553058361344
10266118,9829587068454436864
10266126,9829587068454436864
10266126,9829587686929727488
10266146,9829352460160860160
10266182,9829199387526430720
10266202,9829352322721906688
10266242,9829190935030792192
10266244,9829190935030792192
10266272,9829197463381082112
10266276,9829197463381082112
10266282,9829190935030792192
10266288,9829197429021343744
10266290,9829197429021343744
10266290,9829197463381082112
10266300,9829197429021343744
10266312,9829197463381082112
10266334,9829191553506082816
10266350,9829191553506082816
10266350,9829191656585297920
10266352,9829191553506082816
10266352,9829191656585297920
10266358,9829190144756809728
10266360,9829191656585297920
10266480,9829392111298936832
10266482,9829392111298936832
10266484,9829392111298936832
10266486,9829392111298936832
10266488,9829392111298936832
10266490,9829392111298936832
10266496,9829392592335273984
10266536,9829197463381082112
10266538,9829197463381082112
10266540,9829197463381082112
10266558,9829392557975535616
10266628,9829197429021343744
10283700,9830625179229749248
10299573,9829153104958849024
10299603,9818552816434675712
10299603,9829152623922511872
10299663,9829142006763356160
10299663,9829142144202309632
10299663,9829142178562048000
10300083,9829620878436990976
10300085,9829620878436990976
10300087,9829620878436990976
10300089,9829620672278560768
10300091,9829620672278560768
10300097,9829621222034374656
10300099,9829621222034374656
10300107,9829620672278560768
10300179,9829619366608502784
10300187,9829619366608502784
10300189,9829619366608502784
10300201,9829619366608502784
10300201,9829619813285101568
10300281,9829199387526430720
10300295,9829164649830940672
10300363,9829199387526430720
10300483,9829199112648523776
10300613,9829163069282975744
10300633,9829196810546053120
10300661,9829196570027884544
10300711,9829190076037332992
10300777,9829196501308407808
10300791,9829196295149977600
10300791,9829196329509715968
10300795,9829190247836024832
10300797,9829190076037332992
10300799,9829196295149977600
10300801,9829196295149977600
10300801,9829196329509715968
10300803,9829156747091116032
10300825,9829196295149977600
10300825,9829196329509715968
10300913,9829195882833117184
10300913,9829196295149977600
10300923,9829192378139803648
10300923,9829192549938495488
10300953,9829156884530069504
10301007,9829160148705214464
10301009,9829156884530069504
10301027,9829157606084575232
10301033,9829196192070762496
10301171,9829160114345476096
10301171,9829160148705214464
10301455,9829182516894892032
10301475,9829182516894892032
10301619,9829170147389079552
10301679,9829170147389079552
10301965,9829172208973381632
10302023,9829172758729195520
10302167,9829144480664518656
10302187,9829144480664518656
10302209,9829144480664518656
10302221,9829171453059137536
10302231,9829176503940677632
10302233,9829144480664518656
10302235,9829144480664518656
10302293,9829176503940677632
10302609,9829619366608502784
10302647,9829157606084575232
10302647,9829157674804051968
10302647,9829158052761174016
10302649,9829157606084575232
10302651,9829156884530069504
10302651,9829156918889807872
10302655,9829159152272801792
10302655,9829160114345476096
10302655,9829160148705214464
10302655,9829160870259720192
10302753,9829176503940677632
10302843,9829163069282975744
10302857,9829196810546053120
10302957,9829176503940677632
10302959,9829176503940677632
10356698,9829501993742237696
10356770,9829504776881045504
10357098,9830990079651217408
10357100,9830990079651217408
10357592,9830990079651217408
10358082,9829350261137604608
10358084,9829350261137604608
10358086,9829348165193564160
10358086,9829350089338912768
10358524,9829348165193564160
10358534,9831117176323440640
10358716,9831117176323440640
10358724,9829348165193564160
10597142,9797237958896517120
10597146,9797237958896517120
10597222,9797237958896517120
10597224,9797237958896517120
10597226,9797237958896517120
10609192,9791444632129765376
10609192,9791445353684271104
10609194,9791443670057091072
10609196,9791443670057091072
10609198,9791443670057091072
10609200,9791443670057091072
10609206,9791443670057091072
10609500,9791443670057091072
10609508,9791443670057091072
10969157,9802648689976541184
1099824,5959063490210562048
1099824,5959149973672034304
1099830,5959149973672034304
1099866,5959146915655319552
1099918,5959171482868252672
1099920,5959171482868252672
1099922,5959171482868252672
1099932,5959171482868252672
1099988,5959171551587729408
1099992,5959171551587729408
1100012,5959185673440198656
1100012,5959186566793396224
1100014,5959159628758515712
1100016,5959159628758515712
1100018,5959159628758515712
1100022,5959159628758515712
1100026,5959186566793396224
1100030,5959167909455462400
1100042,5959168081254154240
1100056,5959158254368980992
1100058,5959152035256336384
1100062,5959160419032498176
1100064,5959152035256336384
1100078,5959158151289765888
1100078,5959158254368980992
1100080,5959152035256336384
1100086,5959161106227265536
1100086,5959161278025957376
1100092,5959161243666219008
1100092,5959161278025957376
1100100,5959058473688760320
1100102,5959058473688760320
1100106,5959058473688760320
1100116,5959060226035417088
1100118,5959057889573208064
1100118,5959058301890068480
1100120,5959164026805026816
1100138,5959188594017959936
1100390,5959146881295581184
1100390,5959146915655319552
1100438,5959159422600085504
1100438,5959159456959823872
1100440,5959186566793396224
1100444,5959160109794852864
1100446,5959161278025957376
1100446,5959161312385695744
1100544,5959063490210562048
1100598,5959171482868252672
1100600,5959171482868252672
1100602,5959171482868252672
1100604,5959171482868252672
1100612,5959171482868252672
1100614,5959171482868252672
1100616,5959171482868252672
1100650,5959185673440198656
1100652,5959185673440198656
1100654,5959185673440198656
1100664,5959159628758515712
1100666,5959159628758515712
1100668,5959159628758515712
1100670,5959159628758515712
1100672,5959159628758515712
1100674,5959159628758515712
1100676,5959159628758515712
1100678,5959160109794852864
1100682,5959167909455462400
1100686,5959168081254154240
1100688,5959158254368980992
1100690,5959168081254154240
1100692,5959158254368980992
1100694,5959158254368980992
1100716,5959188594017959936
1100718,5959188594017959936
1100720,5959188594017959936
1100742,5959160865709096960
1100750,5959060226035417088
1100800,5959159628758515712
1100822,5959060638352277504
1100836,5959164026805026816
1101300,9797536785541103616
1101450,9797536785541103616
1103718,5959188594017959936
1103852,9797062621151625216
1103854,9797062621151625216
1103864,9797063136547700736
1104060,9797062621151625216
1104080,5959188594017959936
1104192,9797065163772264448
1104306,9797062621151625216
1104330,9797065163772264448
1104372,5959188594017959936
11621066,9831159026484772864
11621088,9829304906282958848
11621094,9831159610600325120
11621282,9831158098771836928
11621886,9831151192464424960
11621902,9831151192464424960
11621918,9831151192464424960
11621954,9831160332154830848
11622166,9831151570421547008
11622192,9831152841731866624
11622198,9831152841731866624
11622430,9831164008646836224
11622736,9831151192464424960
11622740,9831151192464424960
11622764,9831151192464424960
11622768,9831152841731866624
11627473,9831179985925177344
11627657,9831181600832880640
11627697,9831181600832880640
11628703,9831181600832880640
11877010,9834339432587591680
11877012,9834339432587591680
11877014,9834339432587591680
11877034,9834339432587591680
11880680,9834432787996737536
12152190,9826140786696126464
12152192,9826140786696126464
12152204,9826140786696126464
12152244,9826021936361111552
12152330,9826021386605297664
12152706,9826021386605297664
12152708,9826021386605297664
12152728,9826021386605297664
12152728,9826021455324774400
12152730,9826021455324774400
12152732,9826021455324774400
12152734,9826021455324774400
12152750,9826021455324774400
12152750,9826186553867632640
12152762,9826021455324774400
12152762,9826186553867632640
12152780,9826021455324774400
12152780,9826186553867632640
12152868,9826187137983184896
12152870,9826187137983184896
12152906,9826187137983184896
12152908,9826187137983184896
12152958,9826187137983184896
12152958,9826187241062400000
12153090,9826158104004263936
12153166,9826158653760077824
12153222,9826158378882170880
12153234,9826158962997723136
12153240,9826157760406880256
12153246,9826158378882170880
12153356,9826157760406880256
12153514,9826168240127082496
12153568,9826168240127082496
12992677,5956685865034973184
12992887,5956685865034973184
12992889,5956685865034973184
13122062,5956997404782755840
13132075,5956737645160693760
13132221,5956793960771878912
13132635,5956793960771878912
13289714,9801078553012338688
13289804,9800982689342291968
13289814,9800982689342291968
13289818,9800982654982553600
13289828,9800982654982553600
13289834,9800982654982553600
13289834,9800982689342291968
13289836,9800982689342291968
13289840,9800982654982553600
13289866,9800982689342291968
13289866,9800982723702030336
13289868,9800982654982553600
13290348,9800973274773979136
13291162,9800982723702030336
13291432,9801035156662779904
13291432,9801046083059580928
13293416,9801801722425769984
13293424,9801801997303676928
13293430,9801801997303676928
13293430,9801802031663415296
13293432,9801802031663415296
13293452,9801802031663415296
13293452,9801802753217921024
13293454,9801802031663415296
13293456,9801802031663415296
13293458,9801802169102368768
13293458,9801802203462107136
13293482,9801802203462107136
13293494,9801802478340014080
13293518,9801803612211380224
13294128,9801802031663415296
13294130,9801802478340014080
13296106,9801492347341504512
13395623,5572570825036398592
13395635,5572524061432479744
13395641,5572570996835090432
13395861,5572172252071329792
13395861,5572172286431068160
13395861,5572547872731168768
13395863,5572547872731168768
13395883,5572547872731168768
13396841,5572496642361262080
13397073,5572570825036398592
13397075,5572524061432479744
13397085,5572570996835090432
13397087,5572524061432479744
13397091,5572570996835090432
13397095,5572570996835090432
13397121,5572570996835090432
13410714,9802048253548560384
13410716,9802048253548560384
13410798,9802047566353793024
13410798,9802048253548560384
13412280,9799050881772027904
13412356,9799050297656475648
13412364,9799050297656475648
13412388,9799050297656475648
13412910,9799050297656475648
13412912,9799050297656475648
13549747,9803063755616026624
13549749,9803063755616026624
13550813,9803053550773731328
13551281,9803052382542626816
13580646,9802651747993255936
13585126,9790881029341315072
13585128,9790881029341315072
13585144,9790881029341315072
13585162,9790873813796257792
13585170,9790871099376926720
13585170,9790871202456141824
13585170,9790873813796257792
13585172,9790871099376926720
13585172,9790871202456141824
13585178,9790871099376926720
13585192,9790871202456141824
13585260,9790876940532449280
13585300,9790911678227939328
13585490,9790873745076781056
13585490,9790873813796257792
13585546,9790871099376926720
13585548,9790871202456141824
13585550,9790871202456141824
13585552,9790871202456141824
13585556,9790880445225762816
13585558,9790911678227939328
13585560,9790911678227939328
13585562,9790911678227939328
13586502,9790864055630561280
13586504,9790864055630561280
13586520,9790864055630561280
13597795,9802927622332612608
13597803,9802927622332612608
13597833,9802927622332612608
13597835,9802927622332612608
13604846,9802723044450369536
13604848,9802782349358792704
13604890,9802782349358792704
13604896,9802759843730161664
13604948,9802758847297748992
13604950,9802781937041932288
13604966,9802758847297748992
13604974,9802781937041932288
13604976,9802781937041932288
13605028,9802783655028850688
13605100,9802761218119696384
13605102,9802761218119696384
13605104,9802761218119696384
13605172,9802748779894407168
13605212,9802748882973622272
13605214,9802748882973622272
13605214,9802750704039755776
13605220,9802748882973622272
13605312,9802751975350075392
13605322,9802751975350075392
13605336,9802751975350075392
13605338,9802751975350075392
13605352,9802751975350075392
13605352,9802752009709813760
13605384,9802752009709813760
13605406,9802752009709813760
13605406,9802752078429290496
13605410,9802752078429290496
13605412,9802752078429290496
13605792,9802800937977249792
13605890,9802793103956901888
13605922,9802793103956901888
13605924,9802915699503398912
13606040,9802748230138593280
13606040,9802748298858070016
13606044,9802760737083359232
13606068,9802800937977249792
13606098,9802758847297748992
13606100,9802758847297748992
13606284,9802783655028850688
13607670,9790942567632732160
13607694,9790942567632732160
13607914,9790944766655987712
13607916,9790944766655987712
13607918,9790944766655987712
13607984,9790937344952500224
13608366,9790954524821684224
13608986,9790954524821684224
13608990,9790954524821684224
13609004,9790790525790453760
13609006,9790790525790453760
13609008,9790790525790453760
13609012,9790790525790453760
13632059,9801770283265163264
13632061,9801911364350902272
13632063,9801911364350902272
13632067,9801770283265163264
13632071,9801770283265163264
13632071,9801770317624901632
13632089,9801911295631425536
13632091,9801911295631425536
13632091,9801911364350902272
13632095,9801911295631425536
13632097,9801911295631425536
13632107,9801911295631425536
13632109,9801911295631425536
13632125,9801914181849448448
13632127,9801914181849448448
13632137,9801836047804399616
13632143,9801771795093651456
13632143,9801771898172866560
13632145,9801914181849448448
13632163,9801914250568925184
13632165,9801914250568925184
13632173,9799138052428267520
13632179,9801771898172866560
13632181,9801914250568925184
13632183,9801914250568925184
13632195,9801914113129971712
13632213,9801835120091463680
13632217,9801835120091463680
13632221,9801770661222285312
13632221,9801835601127800832
13632231,9801912188984623104
13632239,9801912188984623104
13632261,9801914388007878656
13632263,9801914388007878656
13632271,9801914250568925184
13632271,9801914388007878656
13632273,9801914388007878656
13632279,9801820723361087488
13632279,9801820826440302592
13632281,9801835120091463680
13632283,9801820826440302592
13632287,9801820826440302592
13632293,9801914388007878656
13632311,9801808937970827264
13632311,9801820723361087488
13632311,9801820826440302592
13632315,9801808937970827264
13632341,9801820826440302592
13632343,9801940295250608128
13632345,9801912188984623104
13632345,9801940295250608128
13632347,9801940295250608128
13632351,9801940295250608128
13632357,9801940295250608128
13632359,9801928234982440960
13632371,9801808869251350528
13632371,9801808937970827264
13632373,9801808766172135424
13632373,9801808869251350528
13632395,9801808697452658688
13632395,9801808869251350528
13632411,9801937615191015424
13632415,9801937615191015424
13632421,9801937615191015424
13632435,9801926654434476032
13632443,9801937615191015424
13632447,9801941566560927744
13632449,9801941566560927744
13632461,9801941566560927744
13632467,9801941566560927744
13632487,9801941566560927744
13632507,9801939642415579136
13632513,9801939642415579136
13632587,9801819967446843392
13632599,9801819967446843392
13632603,9801942391194648576
13632625,9799129771731320832
13632647,9799129668652105728
13632671,9799129634292367360
13632843,9801814538608181248
13632853,9801814538608181248
13632877,9801814538608181248
13633733,9801808766172135424
13633737,9801808766172135424
13633751,9801808697452658688
13633753,9801819967446843392
13633759,9801942116316741632
13633761,9801939642415579136
13633761,9801942116316741632
13633765,9801942391194648576
13633771,9801939264458457088
13633789,9801819967446843392
13633989,9801912188984623104
13633991,9801912188984623104
13633993,9801912188984623104
13634655,9799151006049632256
13634883,9799138808342511616
13634885,9799138808342511616
13634893,9799145749009661952
13634897,9799145749009661952
13634905,9799148497788731392
13634913,9799138808342511616
13634945,9799138052428267520
13634949,9799138052428267520
13634993,9799145817729138688
13634995,9799138533464604672
13635005,9799138052428267520
13635051,9799138602184081408
13635061,9799137949349052416
13635063,9799138533464604672
13635063,9799138602184081408
13635065,9799138602184081408
13635089,9799138602184081408
13635095,9799138602184081408
13635117,9799158359033643008
13635119,9799158359033643008
13635129,9799158359033643008
13635131,9799158359033643008
13635141,9799158359033643008
13635143,9799158359033643008
13635149,9799135922124488704
13635163,9799135234929721344
13635163,9799146023887568896
13635165,9799135234929721344
13635165,9799146023887568896
13635195,9799158359033643008
13635277,9799158015436259328
13635279,9799157946716782592
13635279,9799158015436259328
13635289,9799158015436259328
13635297,9799158015436259328
13635327,9799133826180448256
13635341,9799136918556901376
13635347,9799158015436259328
13635351,9799136678038732800
13635351,9799136781117947904
13635353,9799136300081610752
13635353,9799136368801087488
13635403,9799136368801087488
13635407,9799159733423177728
13635413,9799136678038732800
13635415,9799133757460971520
13635415,9799133791820709888
13635437,9799159733423177728
13635449,9799133585662279680
13635451,9799136540599779328
13635491,9799136506240040960
13635491,9799136540599779328
13635529,9799137055995854848
13635537,9799132967186989056
13635539,9799132967186989056
13635539,9799134032338878464
13635555,9799160558056898560
13635555,9799160592416636928
13635595,9799160489337421824
13635605,9799160558056898560
13635609,9799129771731320832
13635611,9799129771731320832
13635613,9799160042660823040
13635615,9799160042660823040
13635629,9799129909170274304
13635631,9799130149688442880
13635635,9799130184048181248
13635637,9799130184048181248
13635639,9799129668652105728
13635639,9799129771731320832
13635641,9799130287127396352
13635645,9799130149688442880
13635645,9799130184048181248
13635647,9799129668652105728
13635663,9799129634292367360
13635663,9799129668652105728
13635665,9799129634292367360
13635665,9799129668652105728
13635667,9799129634292367360
13636495,9799113897532194816
13636501,9799113897532194816
13636539,9799113897532194816
13636761,9799114172410101760
13637141,9799151349647015936
13637151,9799154304584515584
13637165,9799154819980591104
13637179,9799135234929721344
13637179,9799135544167366656
13637179,9799136781117947904
13637181,9799135922124488704
13637185,9799136678038732800
13637185,9799136918556901376
13637187,9799136918556901376
13637201,9799130012249489408
13637201,9799136540599779328
13637201,9799136609319256064
13637203,9799136471880302592
13637203,9799136506240040960
13637203,9799136540599779328
13637205,9799132967186989056
13637213,9799160592416636928
13637215,9799159114947887104
13637215,9799159183667363840
13637215,9799160592416636928
13637217,9799160558056898560
13637275,9799160042660823040
13637389,9799114172410101760
13637419,9799145749009661952
13637421,9799145749009661952
13637423,9799138808342511616
13637425,9799145749009661952
13653868,9801875664582737920
13803400,9790963149116014592
13804170,9791050044894347264
13804232,9791046608920510464
14701944,9800347137261699072
14701944,9800347240340914176
14701944,9800350332717367296
14701944,9800350367077105664
14701946,9800347137261699072
14701948,9800347034182483968
14701948,9800347137261699072
14701964,9800345591073472512
14701964,9800345694152687616
14701966,9800340127875072000
14701968,9800340127875072000
14701972,9800340127875072000
14728384,5572398442229006336
14728386,5572398442229006336
14728412,5572398442229006336
14731146,9799885101859864576
14731146,9799885273658556416
14731148,9799885101859864576
14731148,9799885273658556416
14731196,9799885273658556416
14731256,9799885101859864576
14731358,9799858851019751424
14732106,9799885273658556416
14732238,9799873591347511296
14784499,9804215184808476672
14787163,9803876260349214720
14787173,9803876260349214720
14787213,9803876260349214720
14795419,9791493422958247936
14795421,9791493422958247936
14795451,9791493422958247936
14795471,9791493422958247936
14795475,9791493422958247936
14803987,9791445869080346624
14803989,9791445869080346624
14804277,9791445869080346624
14820465,9832843993694601216
14820465,9832844028054339584
14820487,9832827363581231104
14820487,9832843512658264064
14836033,9802511697699667968
14839033,9802743247976529920
14839049,9802746168554291200
14839053,9802743247976529920
14839055,9802743247976529920
14839059,9802743763372605440
14839061,9802743763372605440
14839065,9802743763372605440
14839075,9802744553646587904
14839079,9802744553646587904
14839085,9802744553646587904
14839087,9802743763372605440
14839101,9802744553646587904
14839123,9802744106969989120
14839233,9802742732580454400
14839233,9802743247976529920
14839247,9802744553646587904
166195759,5529117060354801664
1721293,5525937169648058368
1723103,5525937169648058368
17541345,9795219977102426112
17554945,9792215458500313088
1824390,9829698978122301440
1824390,9829699115561254912
1825188,9818424620250824704
1825204,9818539450496450560
1825218,9818538007387439104
1825218,9818538076106915840
1825228,9829626479074344960
1825230,9829626479074344960
1825244,9829626479074344960
1825248,9829626479074344960
1825254,9818484646713753600
1825254,9818484681073491968
1825254,9818484818512445440
1825254,9818484852872183808
1825256,9829626341635391488
1825278,9818485230829305856
1825278,9818486708298055680
1825278,9818486742657794048
1825278,9818486777017532416
1825282,9818484337476108288
1825282,9818484474915061760
1825298,9818484337476108288
1825298,9818485471347474432
1825302,9818497634694856704
1825330,9818483856439771136
1825330,9818483890799509504
1825330,9818484062598201344
1825330,9818484096957939712
1825330,9818484131317678080
1825334,9818484131317678080
1825336,9818497634694856704
1825336,9818498081371455488
1825350,9818512581181046784
1825374,9818498321889624064
1825446,9818479183515353088
1825446,9818479217875091456
1825490,9829626479074344960
1825500,9818532990865637376
1825648,9818532990865637376
1825656,9829626341635391488
1825658,9829626341635391488
1826388,9829652901713149952
1826544,9829626479074344960
1826552,9829626341635391488
1826592,9829626479074344960
1826600,9829652901713149952
1826834,9818498184450670592
1826834,9818498321889624064
1826834,9818498356249362432
1826834,9818498562407792640
1826836,9818512478101831680
1826846,9818511893986279424
1826846,9818512340662878208
1826846,9818512375022616576
1826848,9818512375022616576
1826848,9818512443742093312
1826848,9818512478101831680
1826864,9818882669923008512
1826866,9818510622675959808
1826866,9818510691395436544
1826866,9818510725755174912
1826866,9818510863194128384
1826874,9818510863194128384
1826874,9818510897553866752
1826878,9818883322758037504
1826878,9818883357117775872
1826878,9818883391477514240
1826888,9818512443742093312
1826888,9818512478101831680
1826910,9818883322758037504
1826934,9818510966273343488
1826934,9818511069352558592
1826980,9818514161729011712
1826980,9818514264808226816
1827016,9818514264808226816
1827068,9818515261240639488
1827068,9818515295600377856
1827068,9818515329960116224
1827068,9818515364319854592
1827104,9818515261240639488
1827224,9818687575328555008
1827274,9818571370693394432
1827324,9818571886089469952
1827324,9818670567258062848
1827324,9818670670337277952
1827332,9818672457043673088
1827336,9818671323172306944
1827366,9818669055429574656
1827366,9818670292380155904
1827374,9818665859973906432
1827416,9818667749759516672
1827420,9818657407478267904
1827420,9818658232111988736
1827420,9818658335191203840
1827420,9818658506989895680
1827420,9818658541349634048
1827430,9818667749759516672
1827440,9818663248633790464
1827480,9818653524827832320
1827560,9818510038560407552
1827560,9818510072920145920
1827560,9818510210359099392
1827560,9818510244718837760
1827560,9818510313438314496
1827560,9818510897553866752
1827564,9818510863194128384
1827564,9818510897553866752
1827612,9818567797280604160
1827624,9818672457043673088
1827626,9818568965511708672
1827626,9818580132426678272
1827632,9818579960627986432
1827640,9818666547168673792
1827640,9818672697561841664
1827654,9818667131284226048
1827662,9818498562407792640
1827894,9818883391477514240
1827896,9818509798042238976
1828388,9818651394524053504
1828390,9818651394524053504
1828392,9818651394524053504
1828402,9818651394524053504
1828404,9818651428883791872
1828404,9818651600682483712
1828406,9818651428883791872
1828408,9818651428883791872
1828410,9818651394524053504
1828410,9818651428883791872
1828412,9818650982207193088
1828412,9818651428883791872
1828414,9818650982207193088
1828414,9818651635042222080
1828418,9818651016566931456
1828418,9818651394524053504
1828426,9818651016566931456
1828428,9818651635042222080
1828430,9818651016566931456
1828434,9818651635042222080
18439174,9830903149513146368
18439238,9830908028595994624
18439242,9830908028595994624
18439266,9830959843081453568
18439274,9830908028595994624
18439478,9830908028595994624
18439480,9830901672044396544
18440438,9830908028595994624
18440496,9830909506064744448
18440498,9830909506064744448
18440506,9830909506064744448
18440510,9830909506064744448
18440622,9830909506064744448
18440624,9830909506064744448
18440626,9830909506064744448
18440628,9830909506064744448
18440630,9830909506064744448
18440632,9830909506064744448
18440662,9830909506064744448
18440664,9830909506064744448
18441416,9830908028595994624
18443904,9830342192424550400
18444810,9830244542048108544
18444848,9830255159207264256
18444868,9830244542048108544
18445296,9830972040788574208
18445402,9830933351723171840
18445530,9830261069082263552
18445552,9830264608135315456
18450433,9830153969777770496
18450441,9830153969777770496
18450837,9830194411189829632
18450865,9830194411189829632
18451429,9830202348289392640
18451431,9830202348289392640
18451435,9830202348289392640
18451437,9830202348289392640
18451441,9830202348289392640
18451511,9830202348289392640
18454445,9829946162080120832
18454469,9829946162080120832
18454519,9830125760432570368
18454679,9829946162080120832
18455699,9830210491547385856
18458311,9830126413267599360
18461742,9830084769264697344
18461752,9830084528746528768
18461830,9830084769264697344
18461834,9830084528746528768
18470814,9830758735532785664
18470814,9830758769892524032
18470816,9830759491447029760
18471120,9830758769892524032
18471120,9830759491447029760
18474675,9805707428245798912
18474749,9805707428245798912
18474797,9805821502577180672
18474821,9805820884101890048
18474961,9805707428245798912
18475201,9805643450412957696
18475295,9805663653939118080
18499974,9805331910665175040
18500032,9805331910665175040
18500058,9805338782612848640
18500072,9805338301576511488
18500108,9805331910665175040
18500128,9805338301576511488
18500128,9805338335936249856
18500142,9805338301576511488
18500144,9805338301576511488
18509266,9817788449694941184
18509266,9817788827652063232
18509310,9817788449694941184
1874073,9797520361586163712
1874385,9797454012931375104
1874401,9797454012931375104
1874445,9797454012931375104
1874667,9797449408726433792
1874671,9797449408726433792
1874703,9797624677751848960
1874709,9797456796070182912
1874713,9797622994124668928
1874715,9797624918270017536
1874717,9797624918270017536
1874719,9797624918270017536
1874721,9797456796070182912
1874727,9797622994124668928
1874731,9797622994124668928
1874739,9797624918270017536
1874743,9797449614884864000
1874749,9797624918270017536
1874757,9797456796070182912
1874765,9797449614884864000
1874871,9797614094952431616
1874943,9797449408726433792
1874947,9797449408726433792
1874951,9797449614884864000
1875211,9797622994124668928
1877837,9797632339973505024
1917990,9818321231798075392
1917992,9818321231798075392
20097497,9805607647565578240
20097605,9805198423081615360
20097611,9805210174112137216
20097959,9805198423081615360
20097959,9805210174112137216
20097965,9805210174112137216
2032545,9797107323171241984
2032545,9797113473564409856
2032547,9797107323171241984
2032547,9797113473564409856
2032591,9797113473564409856
2032725,9797112923808595968
2032749,9797114813594206208
2032777,9797298809993166848
2032791,9797298809993166848
2032835,9797298809993166848
2032873,9797290116979359744
2032877,9797290116979359744
2032881,9797290116979359744
2032947,9797289979540406272
2032947,9797290013900144640
2032947,9797290116979359744
2032953,9797289979540406272
2032969,9797289979540406272
2032977,9797293209355812864
2032979,9797293209355812864
2032987,9797283210671947776
2033239,9797271219123257344
2033241,9797271219123257344
2033251,9797271219123257344
2033251,9797271253482995712
2033257,9797271768879071232
2033257,9797271871958286336
2033257,9797271906318024704
2033257,9797272146836193280
2033259,9797271253482995712
2033259,9797271906318024704
2033259,9797272146836193280
2033261,9797271253482995712
2033261,9797272799671222272
2033267,9797271906318024704
2033267,9797272146836193280
2033311,9797261357878345728
2033487,9797107323171241984
2033565,9797290116979359744
2033617,9797293209355812864
2033619,9797293209355812864
2033621,9797293209355812864
2033647,9797293724751888384
2033651,9797270325770059776
2033653,9797270325770059776
2033653,9797270497568751616
2033675,9797276957199564800
2033697,9797272868390699008
2033697,9797273040189390848
2033697,9797273108908867584
2033703,9797261357878345728
2033877,9797272799671222272
2033877,9797272868390699008
2033949,9797290116979359744
2033951,9797290116979359744
2033953,9797289704662499328
2033953,9797290082619621376
2033953,9797290116979359744
2057848,9818887823883763712
2057860,9818887823883763712
2081074,9818748185907036160
2081080,9818748185907036160
2081102,9818748185907036160
2081124,9818748185907036160
2081146,9818741382678839296
2081152,9818741382678839296
2081156,9818741382678839296
2081164,9818741451398316032
2081166,9818741382678839296
2081166,9818741451398316032
2081172,9818741451398316032
2081380,9825958680082776064
2081396,9825958680082776064
2087803,9818331745878016000
2119652,9798070735875342336
2119658,9798070735875342336
2119660,9798070735875342336
2119684,9798070735875342336
2119694,9798070735875342336
2119706,9798070735875342336
2119736,9798070735875342336
22248809,9794925651583565824
22248811,9794925651583565824
22248813,9794925651583565824
22248815,9794925651583565824
22248817,9794925651583565824
22248819,9794925651583565824
22248821,9794925651583565824
22248881,9794925479784873984
22248911,9794932111214379008
22248913,9794932111214379008
22251083,9794960251840102400
22251463,9795001552245620736
22322639,5961018009567887360
22473481,9792229477273567232
22473553,9792229477273567232
22473841,9792229477273567232
2261437,5957879453626400768
2261437,5957879487986139136
2261689,5957879487986139136
2261693,5957877014084976640
2355304,9796851686717784064
2385840,9797055474326044672
2385842,9797055474326044672
2385848,9797057157953224704
2385878,9797045269483749376
2385878,9797051900913254400
2385888,9797057157953224704
2385920,9797023622848577536
2386790,9797058669781712896
2386992,9797055474326044672
2386994,9797057157953224704
2387958,9796865052656009216
2388444,9796865052656009216
2439920,9798094615893508096
2439930,9797628491682807808
2439944,9798094615893508096
2439956,9798094615893508096
2440034,9798096162081734656
2440036,9798096162081734656
2440046,9798096162081734656
2440202,9797311866693746688
2440280,9797311866693746688
2440402,9798095818484350976
2440434,9797311866693746688
2440484,9798084136173305856
2441430,9797412746885595136
2441524,9797405634419752960
2441532,9797405634419752960
2441544,9797405634419752960
2441636,9797403057439375360
2441636,9797405634419752960
2441672,9797404844145770496
2441724,9797404569267863552
2441726,9797404569267863552
2441752,9797404569267863552
2441842,9797403950792572928
2442176,9797405634419752960
2442188,9797403950792572928
2442190,9797403950792572928
2442274,9798084136173305856
2442480,9797403950792572928
2442484,9797404569267863552
2443544,9797370793645047808
2443546,9797370793645047808
2443590,9797370793645047808
2444070,9797370793645047808
2444072,9797370793645047808
2511009,9790471598698921984
2511027,9790471598698921984
2512469,9790445141700378624
2644544,5957568257476001792
2648676,5959028924313763840
2648690,5959028924313763840
2648706,5959028924313763840
2649230,5959028924313763840
2649232,5959028924313763840
2722805,5959220686013595648
2722805,5959220789092810752
2925399,9790292034706210816
2926415,9790282895015804928
2926427,9790236887326130176
2926435,9790234138547060736
2926437,9790236887326130176
2926479,9790236887326130176
2926539,9790236612448223232
2926541,9790236612448223232
2926553,9790236612448223232
2926555,9790236612448223232
2926561,9790236612448223232
2926669,9790236612448223232
2926699,9790236612448223232
2927377,9790148926395908096
2927525,9790234138547060736
2927527,9790234138547060736
2927529,9790234138547060736
3318580,5525968780607356928
3318586,5525968780607356928
3318608,5525968780607356928
3319308,5525968780607356928
3319310,5525968780607356928
3404831,9817943068517597184
3404911,9817927847153500160
3404961,9817928912305389568
3404961,9817928946665127936
3404961,9817928981024866304
3404961,9817929015384604672
3404965,9817928912305389568
3404975,9817928946665127936
3404975,9817928981024866304
3404977,9817928912305389568
3404983,9817939185867161600
3404997,9817929565140418560
3404999,9817938326873702400
3404999,9817938464312655872
3405009,9817929565140418560
3405061,9817929565140418560
3405259,9818351124770455552
3405259,9818351846324961280
3405397,9818355763335135232
3405437,9818355969493565440
3405457,9818357000285716480
3405493,9818356278731210752
3405493,9818356381810425856
3405493,9818356416170164224
3405493,9818357000285716480
3405549,9818349028826415104
3405599,9818349028826415104
3405643,9818345627212316672
3405647,9818346486205775872
3405649,9818346486205775872
3405655,9818345627212316672
3405657,9818348444710862848
3405665,9818348444710862848
3405667,9818348444710862848
3405669,9818346486205775872
3405671,9818346486205775872
3405673,9818345867730485248
3405673,9818346314407084032
3405673,9818356656688332800
3405677,9818346383126560768
3405677,9818346486205775872
3405679,9818346383126560768
3405695,9818348444710862848
3405699,9818348444710862848
3405703,9818345867730485248
3405703,9818345902090223616
3405703,9818345936449961984
3405709,9818348444710862848
3405723,9818346589284990976
3405723,9818346623644729344
3405727,9818346589284990976
3405727,9818346623644729344
3405731,9818348238552432640
3405747,9818348066753740800
3405747,9818348101113479168
3405747,9818348272912171008
3405747,9818348444710862848
3405753,9818346211327868928
3405753,9818346383126560768
3405755,9818346211327868928
3405755,9818346623644729344
3405761,9818348238552432640
3405761,9818348272912171008
3405771,9818348066753740800
3405791,9818346211327868928
3405877,9817928912305389568
3405881,9817928912305389568
3405883,9817928637427482624
3405883,9817928809226174464
3405883,9817928912305389568
3405883,9817928946665127936
3405883,9817929015384604672
3405931,9818357000285716480
3405955,9818345627212316672
3405993,9817928912305389568
3406023,9818323808778452992
3406025,9818323808778452992
3406043,9818323808778452992
3406151,9818348444710862848
3406179,9818348238552432640
3406181,9818348238552432640
3406227,9818328035026272256
3406251,9818346383126560768
3407005,9818346761083682816
3407005,9818346795443421184
3407029,9818344321542258688
3407029,9818344355901997056
3407029,9818346795443421184
3407031,9818344355901997056
3407033,9818344321542258688
3407039,9818344321542258688
3407081,9818341229165805568
3407081,9818344321542258688
3407081,9818347035961589760
3407081,9818347070321328128
3407083,9818344321542258688
3407083,9818347035961589760
3408253,9829678877675356160
3408253,9829679186913001472
3408267,9829679186913001472
3574168,9826102475587846144
3574242,9826090999435231232
3574242,9826091102514446336
3574358,9826098077541335040
3594704,9790792243777372160
3594706,9790792243777372160
3595200,9790777091132751872
3595202,9790777091132751872
3595282,9790777091132751872
3595294,9790777091132751872
3595398,9790785681067343872
3595628,9790773139762839552
3596116,9790770390983770112
3597526,9790741082126942208
3597528,9790741082126942208
3597562,9790741082126942208
3597784,9790792243777372160
3597788,9790792243777372160
3597794,9790792243777372160
3597860,9790773139762839552
3598196,9790741082126942208
3624349,9788772887593746432
3624349,9788773265550868480
3881822,9817715469610647552
3881822,9817715503970385920
3881864,9817979180602621952
3881872,9817979180602621952
3881908,9817987667457998848
3881910,9817987667457998848
3881942,9817988423372242944
3881942,9817988457731981312
3881950,9817987667457998848
3881958,9817979180602621952
3881958,9817979592919482368
3882040,9817986258708725760
3882050,9817860914383159296
3882052,9817860914383159296
3882058,9817860914383159296
3882064,9817860914383159296
3882066,9817988766969626624
3882080,9817986258708725760
3882092,9817860914383159296
3882120,9817861464138973184
3882122,9817861464138973184
3882132,9817985227916574720
3882134,9817985227916574720
3882138,9817995467118608384
3882138,9817995741996515328
3882146,9817861464138973184
3882254,9817861945175310336
3882284,9817994745564102656
3882284,9817994779923841024
3882346,9817867580172402688
3882348,9817956365736345600
3882350,9817956365736345600
3882354,9817867580172402688
3882356,9817956365736345600
3882384,9817867580172402688
3882386,9817867580172402688
3882388,9817956365736345600
3882428,9817867580172402688
3882478,9817955575462363136
3882512,9817955575462363136
3882560,9817955506742886400
3882596,9817955506742886400
3882596,9817998731293753344
3882630,9817997872300294144
3882666,9817955231864979456
3882666,9817955334944194560
3882666,9817955438023409664
3882814,9817999074891137024
3882822,9817999074891137024
3882822,9817999109250875392
3883006,9817999074891137024
3883006,9817999109250875392
3883068,9817999281049567232
3883078,9817999487207997440
3883120,9817999281049567232
3883176,9817999487207997440
3883498,9817716947079397376
3883526,9817988629530673152
3883528,9817988766969626624
3883532,9817985743312650240
3883532,9817988629530673152
3883532,9817988663890411520
3883532,9817988766969626624
3883566,9817861464138973184
3883692,9817988457731981312
3883712,9817861464138973184
3883730,9817955575462363136
3883732,9817955575462363136
3883734,9817955575462363136
3883736,9817955575462363136
3883748,9817955334944194560
3883750,9817955334944194560
3883750,9817955541102624768
3883750,9817955575462363136
3883754,9817955231864979456
3883754,9817955334944194560
3883856,9817988457731981312
3883860,9817955575462363136
3883862,9817955334944194560
3885264,9817924720417308672
3885284,9817946367052480512
3885342,9817946710649864192
3885354,9817946229613527040
3885416,9817927297397686272
3885428,9817927263037947904
3885428,9817927297397686272
3885440,9817927263037947904
3885440,9817927297397686272
3885440,9817927640995069952
3885452,9817927297397686272
3885462,9817927640995069952
3885462,9817933825747976192
3885474,9817928465628790784
3885476,9817928465628790784
3885478,9817927709714546688
3885478,9817933825747976192
3885480,9817927709714546688
3885480,9817927744074285056
3885484,9817928465628790784
3885486,9817927915872976896
3885486,9817927950232715264
3885494,9817927950232715264
3885508,9817928465628790784
3885516,9817928465628790784
3885524,9817904654330101760
3885526,9817904654330101760
3885530,9817904654330101760
3885540,9817929084104081408
3885542,9817905478963822592
3885566,9817905719481991168
3885566,9817905753841729536
3885568,9817905719481991168
3885568,9817905753841729536
3885568,9817905856920944640
3885578,9817905719481991168
3885592,9817905272805392384
3885592,9817905719481991168
3885594,9817905272805392384
3885596,9817905719481991168
3885596,9817905753841729536
3885596,9817905856920944640
3885596,9817929290262511616
3885602,9817905272805392384
3885610,9817929290262511616
3885610,9818328035026272256
3885620,9818328035026272256
3885620,9818351468367839232
3885632,9818352018123653120
3885638,9818351468367839232
3885666,9818351434008100864
3885682,9818351846324961280
3885682,9818352018123653120
3885686,9818351915044438016
3885786,9817904654330101760
3885788,9817904654330101760
3885792,9817906234878066688
3885792,9817906269237805056
3885798,9818359955223216128
3886032,9818359955223216128
3886034,9818359955223216128
3886042,9818359955223216128
3921783,9817855932221095936
3921785,9817855932221095936
3921789,9817855932221095936
3921807,9817855932221095936
3921813,9817855519904235520
3921843,9817855519904235520
3921877,9829857960631730176
3921931,9817848373078654976
3922365,9817855519904235520
3922977,9829857960631730176
3923161,9829832878022721536
3924017,9817890841715277824
3924019,9817890841715277824
3924021,9817890841715277824
3924029,9817890841715277824
3924069,9817890841715277824
3925043,9829930425319948288
3925097,9829930150442041344
3925117,9829936541353377792
3925139,9829832878022721536
3925163,9829930150442041344
3925163,9829930219161518080
3925163,9829930425319948288
3931904,9818003679096078336
3931904,9818003885254508544
3934044,9818115726202896384
3934046,9818115726202896384
3934054,9818115726202896384
3934056,9818115726202896384
3934342,9817944133669486592
3934356,9817944133669486592
3934392,9818119986810454016
3934422,9818119986810454016
3934426,9818119986810454016
3934434,9818119986810454016
3934436,9818119196536471552
3934444,9818119986810454016
3934460,9817943102877335552
3934470,9817943068517597184
3934496,9817943583913672704
3934516,9818120399127314432
3934684,9817939220226899968
3934882,9817938258154225664
3934882,9818319067134558208
3934928,9818319307652726784
3934946,9818319067134558208
3935086,9818318929695604736
3935782,9818119986810454016
3935802,9817942140804661248
3935976,9817944133669486592
3935982,9818119986810454016
3935984,9818119986810454016
3936252,9817942140804661248
3936338,9818119986810454016
3940464,9818119986810454016
3983882,9817825764370808832
3983904,9817825764370808832
3983942,9817825764370808832
3983944,9817825764370808832
3983998,9817825764370808832
3985976,9817705024250183680
3985982,9817705024250183680
3986036,9817703306263265280
3986048,9817703306263265280
3986108,9817703478061957120
3986114,9817705986322857984
3986122,9817706261200764928
3986132,9817704371415154688
3986134,9817704371415154688
3986148,9817990828553928704
3986152,9817990862913667072
3986152,9817990965992882176
3986162,9817990038279946240
3986166,9817990965992882176
3986168,9817990965992882176
3986176,9817990965992882176
3986192,9817991275230527488
3986192,9817991515748696064
3986194,9817991515748696064
3986284,9817698530259632128
3986288,9817698427180417024
3986288,9817698530259632128
3986288,9817705574005997568
3986292,9817705024250183680
3986352,9817988011055382528
3986352,9817988182854074368
3986356,9817991515748696064
3986356,9817993027577184256
3986356,9817993061936922624
3986380,9817706261200764928
3986382,9817706261200764928
3986394,9817706261200764928
3986430,9817991275230527488
3986432,9817991275230527488
3986450,9817991275230527488
3997424,9829359229029318656
3997424,9829359263389057024
3997438,9829369365152137216
3997442,9829361050095452160
3997442,9829361702930481152
3997444,9829361702930481152
3997454,9829369193353445376
3997454,9829369296432660480
3997458,9829362046527864832
3997458,9829362115247341568
3997458,9829362252686295040
3997458,9829362287046033408
3997460,9829362252686295040
3997460,9829362287046033408
3997468,9829362252686295040
3997468,9829362493204463616
3997470,9829362252686295040
3997470,9829362355765510144
3997470,9829362493204463616
3997472,9829362561923940352
3997472,9829369158993707008
3997474,9829363249118707712
3997476,9829319852769148928
3997478,9829319852769148928
3997480,9829362493204463616
3997480,9829362527564201984
3997480,9829362561923940352
3997482,9829362493204463616
3997484,9829363249118707712
3997486,9829363111679754240
3997488,9829363111679754240
3997492,9829362561923940352
3997506,9829362458844725248
3997506,9829362493204463616
3997508,9829362458844725248
3997510,9829362458844725248
3997516,9829319852769148928
3997526,9829363111679754240
3997528,9829362458844725248
3997528,9829362493204463616
3997536,9829362458844725248
3997730,9829375309386874880
3997908,9829260547860725760
3997918,9829260547860725760
3997924,9829259585788051456
3997924,9829260547860725760
3997934,9829260547860725760
3997946,9829260547860725760
3997990,9829362287046033408
3997996,9829359263389057024
3999726,9829260616580202496
3999744,9829260616580202496
3999754,9829260616580202496
3999814,9829257111886888960
3999894,9829257111886888960
4003550,9831160641392476160
4003550,9831160675752214528
4003574,9829303360094732288
4003576,9831161122428813312
4003578,9831160675752214528
4003578,9831161122428813312
4003586,9831161122428813312
4003588,9831160469593784320
4003588,9831161122428813312
4003598,9831161053709336576
4003614,9831160332154830848
4003802,9831164833280557056
4003806,9831164833280557056
4003848,9831164833280557056
4011376,9829260616580202496
4035884,9828674542522859520
4035894,9828674645602074624
4035898,9828667155179110400
4035898,9828667189538848768
4035916,9828674645602074624
4252894,5959709315852926976
4253264,5959707219908886528
455916,9819192904000733184
455922,9819192663482564608
455922,9819192904000733184
456544,9819192904000733184
456544,9819192972720209920
4570521,5527093718441525248
4570523,5527093718441525248
4570531,5527093718441525248
4570543,5527097394933530624
4570569,5527096364141379584
4570571,5527096261062164480
4570571,5527096364141379584
4570579,5527096707738763264
4570599,5527103785844867072
4571133,5527096707738763264
4571133,5527102926851407872
4571135,5527096707738763264
4571135,5527102926851407872
4571137,5527102926851407872
4571139,5527102926851407872
4571141,5527099937554169856
4571147,5527099937554169856
4571149,5527099937554169856
4571153,5527103236089053184
4571155,5527103236089053184
4571191,5527102926851407872
4571191,5527103236089053184
4571691,5527104232521465856
4571693,5527104232521465856
4571815,5527103785844867072
4572281,5527103785844867072
4572281,5527121927786725376
4572283,5527121927786725376
4572287,5527121893426987008
4572287,5527121927786725376
4572289,5527121893426987008
4572301,5527119797482946560
4572301,5527121893426987008
4572303,5527119797482946560
4572365,5527119316446609408
4572365,5527119350806347776
4572379,5527119316446609408
4572383,5527119797482946560
4572385,5527119797482946560
4572387,5527119797482946560
4572391,5527119316446609408
4572391,5527119350806347776
4572393,5527119316446609408
4573737,5527132682384834560
4573739,5527132682384834560
4594079,5526913673412476928
4594099,5526913673412476928
4594189,5526913673412476928
4594231,5527156459323785216
4594381,5527148212986576896
4594383,5527148212986576896
4594385,5527148212986576896
4594387,5527148212986576896
4594393,5527148212986576896
4594395,5527148212986576896
4594395,5527195114029449216
4594397,5527148212986576896
4594397,5527195114029449216
4594401,5527195114029449216
4594413,5527195114029449216
4594415,5527195423267094528
4594417,5527195423267094528
4594419,5527195423267094528
4594433,5527195423267094528
4594551,5527156390604308480
4594551,5527156459323785216
4594593,5527195114029449216
4594799,5527156459323785216
4595003,5527312521255452672
4595087,5527312521255452672
4599401,5527750470480691200
4599545,5527750470480691200
4599747,5527740471796826112
4599753,5527730713631129600
4599759,5527740746674733056
4599775,5527741433869500416
4600021,5527740471796826112
4600029,5527740746674733056
4600037,5527740746674733056
4600057,5527741433869500416
4994597,9793260028906438656
4995405,9793260028906438656
4995407,9793260028906438656
4995413,9793260028906438656
4995471,9792545415067860992
4995471,9792547236133994496
4995479,9792545415067860992
4995859,9795094083021045760
4995859,9795095904087179264
4997419,9792590529404338176
4997421,9792614237623812096
4997461,9792602864550412288
4997467,9792602520953028608
4997473,9792602520953028608
4997485,9792602520953028608
4997495,9792603242507534336
4997511,9792602211715383296
4997517,9792600390649249792
4997517,9792602211715383296
4997521,9792604238939947008
4997521,9792604273299685376
4997527,9792609942656516096
4997527,9792610251894161408
4997553,9792604342019162112
4997555,9792600356289511424
4997617,9792795038567104512
4997621,9792795004207366144
4997653,9792795141646319616
4997659,9792794523171028992
4997679,9792604891774976000
4997681,9792604891774976000
4997689,9792794351372337152
4997695,9792794282652860416
4997735,9792793561098354688
4997783,9792793629817831424
4997783,9792793664177569792
4997815,9792793217500971008
4997815,9792793664177569792
4997843,9792798611979894784
4997845,9792798611979894784
4997887,9792799058656493568
4997899,9792799058656493568
4997937,9792799505333092352
4997953,9792827268001693696
4997995,9792826409008234496
4998049,9792824691021316096
4998075,9792590529404338176
4998107,9792609255461748736
4998107,9792787857381785600
4998107,9792795141646319616
4998107,9792795176006057984
4998109,9792610251894161408
4998111,9792610251894161408
4998113,9792603242507534336
4998123,9792794523171028992
4998129,9792791705672482816
4998129,9792793526738616320
4998137,9792798611979894784
4998165,9792614203264073728
4998191,9792602864550412288
4998193,9792602864550412288
4998203,9792603242507534336
4998203,9792603276867272704
4998205,9792603242507534336
4998205,9792603276867272704
4998207,9792602486593290240
4998207,9792602520953028608
4998207,9792602864550412288
4998215,9792610251894161408
4998217,9792610251894161408
4998219,9792610251894161408
4998221,9792610251894161408
4998223,9792610251894161408
4998225,9792602211715383296
4998225,9792602589672505344
4998227,9792602211715383296
4998227,9792602589672505344
4998229,9792610251894161408
4998231,9792610251894161408
4998233,9792603242507534336
4998233,9792603276867272704
4998241,9792600390649249792
4998241,9792602211715383296
4998241,9792602589672505344
4998243,9792600390649249792
4998257,9792604238939947008
4998259,9792604238939947008
4998267,9792609255461748736
4998267,9792609289821487104
4998271,9792604238939947008
4998271,9792604273299685376
4998271,9792604307659423744
4998271,9792604342019162112
4998273,9792604342019162112
4998275,9792600356289511424
4998275,9792600390649249792
4998279,9792604342019162112
4998283,9792795176006057984
4998285,9792795176006057984
4998287,9792795038567104512
4998289,9792795141646319616
4998289,9792795176006057984
4998291,9792795038567104512
4998291,9792795141646319616
4998295,9792795004207366144
4998295,9792795038567104512
4998299,9792795141646319616
4998301,9792795141646319616
4998307,9792794523171028992
4998309,9792794523171028992
4998311,9792794523171028992
4998313,9792794523171028992
4998315,9792794523171028992
4998317,9792794523171028992
4998321,9792794351372337152
4998321,9792794523171028992
4998323,9792794282652860416
4998325,9792794282652860416
4998327,9792791705672482816
4998327,9792794282652860416
4998329,9792791705672482816
4998329,9792794282652860416
4998331,9792791705672482816
4998331,9792793526738616320
4998333,9792791705672482816
4998333,9792793526738616320
4998339,9792793561098354688
4998341,9792793526738616320
4998341,9792793561098354688
4998343,9792793561098354688
4998347,9792793664177569792
4998349,9792793664177569792
4998351,9792793629817831424
4998351,9792793664177569792
4998353,9792793664177569792
4998355,9792793664177569792
4998357,9792793664177569792
4998357,9792798611979894784
4998359,9792798611979894784
4998361,9792798611979894784
4998363,9792798611979894784
4998365,9792798611979894784
4998367,9792798611979894784
4998369,9792798611979894784
4998371,9792798611979894784
4998387,9792799058656493568
4998389,9792799058656493568
4998391,9792799058656493568
4998393,9792799058656493568
4998395,9792799058656493568
4998399,9792799505333092352
4998401,9792799505333092352
4998405,9792799505333092352
4998415,9792827268001693696
4998417,9792827268001693696
4998421,9792827233641955328
4998421,9792827268001693696
4998427,9792826409008234496
4998429,9792826409008234496
4998431,9792826409008234496
4998435,9792824691021316096
4999957,9792583588737187840
4999999,9792584104133263360
5000063,9792584104133263360
5000065,9792583554377449472
5000233,9792592350470471680
5000233,9792592659708116992
5000269,9792592831506808832
5000289,9792592419189948416
5000305,9792592041232826368
5000307,9792592659708116992
5000369,9792592041232826368
5000369,9792592419189948416
5000379,9792589395532972032
5000401,9792590323245907968
5000411,9792590323245907968
5000427,9792591182239367168
5000431,9792591972513349632
5000433,9792591972513349632
5000433,9792592075592564736
5000459,9792591079160152064
5000475,9792589395532972032
5000477,9792590323245907968
5000477,9792590357605646336
5000517,9792591079160152064
5001059,9792583588737187840
5001061,9792583210780065792
5001061,9792583588737187840
5001061,9792583623096926208
5001065,9792583554377449472
5001065,9792583588737187840
5001075,9792584001054048256
5001079,9792592831506808832
5001079,9792592865866547200
5001081,9792592831506808832
5001085,9792592831506808832
5001087,9792592659708116992
5001089,9792592659708116992
5001091,9792592659708116992
5001093,9792592659708116992
5001095,9792592419189948416
5001097,9792592350470471680
5001097,9792592419189948416
5001097,9792592659708116992
5001099,9792592041232826368
5001101,9792592041232826368
5001103,9792592041232826368
5001103,9792592419189948416
5001105,9792592041232826368
5001107,9792592041232826368
5001107,9792592075592564736
5001109,9792592075592564736
5001111,9792592075592564736
5001113,9792591972513349632
5001113,9792592075592564736
5001115,9792591972513349632
5001117,9792589395532972032
5001119,9792589395532972032
5001119,9792591972513349632
5001121,9792589395532972032
5001123,9792589395532972032
5001125,9792591182239367168
5001127,9792589395532972032
5001127,9792591182239367168
5001131,9792591079160152064
5001133,9792591079160152064
5001135,9792591079160152064
5001135,9792591182239367168
5001137,9792591079160152064
5001147,9792590357605646336
5001149,9792590357605646336
5001153,9792590357605646336
5002597,9792824038186287104
5002603,9792824038186287104
5002631,9792821736083816448
5002631,9792824313064194048
5002631,9792824347423932416
5002649,9792862177495875584
5002651,9792862177495875584
5002653,9792862177495875584
5002713,9792824691021316096
5002715,9792824691021316096
5002717,9792824038186287104
5002717,9792824691021316096
5002719,9792824038186287104
5002721,9792824038186287104
5002723,9792824038186287104
5002725,9792824038186287104
5002725,9792824313064194048
5002725,9792824347423932416
5002725,9792824416143409152
5002727,9792824313064194048
5002731,9792821736083816448
5002731,9792824313064194048
5002751,9792862040056922112
5002753,9792861730819276800
5002761,9792824691021316096
5015806,9793022259516932096
5015808,9793022259516932096
5015828,9793022259516932096
503750,9818805429231157248
503768,9818805429231157248
503772,9818794296675926016
503772,9818805429231157248
504830,9818776635770404864
504832,9818776567050928128
504832,9818776635770404864
504878,9825925041898913792
504882,9825925007539175424
504882,9825925041898913792
504884,9825925007539175424
504884,9825925041898913792
504886,9818776635770404864
504886,9825924904459960320
504886,9825925007539175424
504888,9825925007539175424
504890,9825925007539175424
504892,9825925007539175424
504894,9825918376109670400
504902,9825918444829147136
504902,9825918479188885504
504904,9825918376109670400
504904,9825918444829147136
504904,9825918479188885504
504906,9825925041898913792
504906,9825925144978128896
504908,9825925144978128896
504920,9825918444829147136
504924,9825927069123477504
504938,9825927034763739136
504938,9825927069123477504
504940,9825925419856035840
504944,9825925385496297472
504944,9825925419856035840
504946,9825925385496297472
504946,9825925591654727680
504950,9825927069123477504
504952,9825927069123477504
504956,9825925419856035840
504958,9825925419856035840
504960,9825925007539175424
504960,9825925041898913792
504964,9825925385496297472
504966,9825918376109670400
504980,9825927069123477504
504984,9825927034763739136
504984,9825927069123477504
505028,9825925316776820736
505028,9825925419856035840
505028,9825926038331326464
505058,9825925969611849728
505058,9825926003971588096
505094,9825926141410541568
505108,9825926141410541568
505120,9825926141410541568
505120,9825926278849495040
505122,9825926278849495040
505130,9825924423423623168
505132,9825924423423623168
505132,9825926141410541568
505132,9825926175770279936
505150,9825924423423623168
505158,9825926278849495040
505162,9825919647419990016
505176,9825919647419990016
505176,9825919681779728384
505182,9825919647419990016
505258,9825923289552257024
505260,9825923289552257024
505286,9825923289552257024
505288,9825923289552257024
505318,9825923289552257024
505376,9818794296675926016
505378,9818794296675926016
505472,9818782648724619264
505472,9825918925865484288
505472,9825919028944699392
505474,9825919028944699392
505646,9825922705436704768
505648,9825922705436704768
505660,9825922705436704768
505662,9825922705436704768
505668,9825922705436704768
505668,9825933047717953536
505670,9825933047717953536
505682,9825933047717953536
505684,9825933047717953536
505698,9825932944638738432
505700,9825932497962139648
505700,9825932944638738432
505702,9825932497962139648
505702,9825932944638738432
5092218,9833654024526626816
5092598,9833654024526626816
5092600,9833654024526626816
5639352,9793092559541633024
5639352,9793092593901371392
5800544,9792802357191376896
5800546,9792802357191376896
5800776,9792814554898497536
5800794,9792814554898497536
5800840,9792814554898497536
5800860,9792805071610707968
5800912,9792814761056927744
5800952,9792811462522044416
5800994,9792811977918119936
5801102,9792819605780037632
5801130,9792819605780037632
5801174,9791046608920510464
5801362,9792807614231347200
5801364,9792807614231347200
5801414,9792807614231347200
5801416,9792816994439921664
5801416,9792817028799660032
5801438,9792807614231347200
5801464,9792816994439921664
5801464,9792817028799660032
5801564,9792817028799660032
5801846,9792916740760403968
5801886,9792916740760403968
5802044,9791022316585484288
5802046,9791022316585484288
5802086,9791022316585484288
5802088,9791022316585484288
5802198,9792911002684096512
5802264,9792911002684096512
5802374,9791019018050600960
5802378,9792888050378866688
5802432,9792885095441367040
5802446,9792894922326540288
5802476,9792909422136131584
5802482,9792909422136131584
5802744,9792802357191376896
5802762,9792814932855619584
5802762,9792820877090357248
5802956,9791022316585484288
5803778,9790253620518715392
5803778,9790253757957668864
5803778,9790253792317407232
5803798,9790253139482378240
5803800,9790253139482378240
5803810,9790253002043424768
5803812,9790253139482378240
5803894,9790253139482378240
5803962,9790252039970750464
5803966,9790251936891535360
5803966,9790252039970750464
5803968,9790251936891535360
5803980,9790251936891535360
6170356,9936647168486014976
6170360,9936647168486014976
6170544,9936647168486014976
6170780,9936647168486014976
6170782,9936647168486014976
6170784,9936647168486014976
6559783,9795649198954119168
6559803,9795649198954119168
6560225,9795649198954119168
6609844,9794940357551587328
6711813,5526986790935724032
6711815,5526986790935724032
6711853,5526986790935724032
6712073,5526597254581846016
6712073,5526597323301322752
6712583,5526597254581846016
6718973,5526960299577442304
6718975,5526960299577442304
6718985,5526960299577442304
6718995,5526960368296919040
6718997,5526960368296919040
6718999,5526960368296919040
6719001,5526960368296919040
6719003,5526960368296919040
6719005,5526960368296919040
6719011,5526958444151570432
6719015,5526958444151570432
6719017,5526958444151570432
6719019,5526958444151570432
6719169,5526958444151570432
6719195,5526958444151570432
6729671,5527212396977848320
6729703,5527213049812877312
6730451,5526835298849259520
6730451,5526835333208997888
6730465,5526836638879055872
6731441,5526835333208997888
6731471,5526835298849259520
6731471,5526836638879055872
6731473,5526836638879055872
6731475,5526836638879055872
6731483,5526836638879055872
6962687,9791315851830362112
6962687,9791315989269315584
6962687,9791316092348530688
6965309,9792762602974085120
6965309,9792762706053300224
6965317,9792831837846896640
6965319,9792831837846896640
6965323,9792831837846896640
6965325,9792831837846896640
6965343,9792831837846896640
7004086,9793267038293065728
7004088,9793267038293065728
7005374,9792781260312018944
7005382,9792781260312018944
7005404,9792775281717542912
7014151,9797352514264236032
7014389,9795560035433054208
7014409,9795560001073315840
7014409,9795560035433054208
7014429,9795560001073315840
7014781,9795560035433054208
7691559,9936849031948926976
7691607,9936849031948926976
7692109,9936849031948926976
804447,5529117060354801664
804521,5529117060354801664
868722,9818764712941191168
868724,9818764712941191168
868734,9818764712941191168
868758,9818764712941191168
868776,9818765193977528320
868782,9818765193977528320
868796,9818765193977528320
868812,9818765400135958528
868828,9818765400135958528
868868,9818769454585085952
868870,9818769454585085952
868886,9818769454585085952
879594,9790611648992509952
879596,9790611648992509952
879834,9790644668701081600
879836,9790644668701081600
879836,9790644806140035072
879836,9790644840499773440
879852,9790619001976520704
879852,9790619139415474176
879852,9790621750755590144
879852,9790621888194543616
879880,9790645046658203648
879880,9790645081017942016
879882,9790644256384221184
879882,9790644634341343232
879882,9790644668701081600
879884,9790644256384221184
879892,9790644359463436288
879898,9790644050225790976
879902,9790644187664744448
879902,9790644909219250176
879912,9790644153305006080
880470,9790611648992509952
880476,9790611648992509952
880536,9790613504418381824
880538,9790613263900213248
880538,9790613298259951616
880538,9790613504418381824
880544,9790613504418381824
880606,9790618898897305600
880606,9790618933257043968
880606,9790619311214166016
880606,9790619379933642752
880606,9790619483012857856
880608,9790619483012857856
880618,9790619483012857856
880620,9790644359463436288
880622,9790619792250503168
880628,9790619792250503168
880634,9790644359463436288
880636,9790619792250503168
880636,9790644359463436288
880646,9790644050225790976
880648,9790644015866052608
880648,9790644050225790976
880648,9790644359463436288
880650,9790644153305006080
880652,9790644050225790976
880652,9790644153305006080
880666,9790644153305006080
880670,9790643363031023616
880678,9790643500469977088
880678,9790643603549192192
880678,9790643637908930560
880796,9790618898897305600
880826,9790619792250503168
880826,9790644015866052608
880826,9790644359463436288
880828,9790643500469977088
880828,9790644015866052608
882710,9790643500469977088
882728,9790644153305006080
9326828,5527253250706767872
9327522,5527253250706767872
9327706,5527253250706767872
9327708,5527253250706767872
9327710,5527253250706767872
9327712,5527253250706767872
9327714,5527253250706767872
9336438,5527253250706767872
9336440,5527253250706767872
937010484,5959060294754893824
937010485,5959060294754893824
937010486,5959060294754893824
937010487,5959060294754893824
937010488,5959060569632800768
937010488,5959060638352277504
937010488,5959060672712015872
937010489,5959060569632800768
937010490,5959060638352277504
937010491,5959060638352277504
937010718,5959060226035417088
937010723,9797065163772264448
937070227,5572310343859830784
937130035,9802743247976529920
937130036,9802743247976529920
937130037,9802743247976529920
937130038,9802743316696006656
937130041,9802790320818094080
937130055,9790777091132751872
937130056,9790777091132751872
937130072,9790777091132751872
937130073,9790777091132751872
937130082,9802790320818094080
